Workbook

Sheet Раздел 14
A2: Социально-экономические показатели по субъектам Российской Федерации
A3: 14. СТРОИТЕЛЬСТВО
B4: СТРОИТЕЛЬНАЯ ДЕЯТЕЛЬНОСТЬ
A5: 14.1. | B5: Объем работ, выполненных по виду экономической деятельности «Строительство»
A6: 14.2. | B6: Ввод в действие зданий жилого и нежилого назначения
A7: 14.2.1. | B7: Число зданий
A8: 14.2.2. | B8: Общая площадь зданий
B9: ЖИЛИЩНОЕ И СОЦИАЛЬНО-КУЛЬТУРНОЕ СТРОИТЕЛЬСТВО
A10: 14.3. | B10: Ввод в действие жилых домов
A11: 14.3.1. | B11: Всего
A12: 14.3.2. | B12: На 1000 человек населения
A13: 14.4. | B13: Ввод в действие квартир
A14: 14.4.1. | B14: Всего
A15: 14.4.2. | B15: На 1000 человек населения
A16: 14.5. | B16: Ввод в действие жилых домов, построенных жилищно-строительными кооперативами
A17: 14.6. | B17: Ввод в действие жилых домов, построенных населением за счет собственных и привлеченных средств
A18: 14.7. | B18: Число зданий и сооружений, находящихся в незавершенном строительстве
A19: 14.8. | B19: Жилые дома, находящиеся в незавершенном строительстве
A20: 14.9. | B20: Удельный вес жилых домов, построенных населением за счет собственных и привлеченных средств, в общем вводе жилья
A21: 14.10. | B21: Ввод в действие мощностей общеобразовательных организаций
... A29: 14.12.2. | B29: На 100000 человек населения

Sheet 14.1.
A2: Социально-экономические показатели по субъектам Российской Федерации
A3: 14. СТРОИТЕЛЬСТВО
A4: СТРОИТЕЛЬНАЯ ДЕЯТЕЛЬНОСТЬ
A5: 14.1. ОБЪЕМ РАБОТ, ВЫПОЛНЕННЫХ ПО ВИДУ ЭКОНОМИЧЕСКОЙ ДЕЯТЕЛЬНОСТИ «СТРОИТЕЛЬСТВО»1)
A6: (в фактически действовавших ценах; миллионов рублей)
B7: 2000 | C7: 2001 | D7: 2002 | E7: 2003 | F7: 2004 | G7: 2005 | H7: 2006 | I7: 2007 | J7: 2008 | K7: 2009 | L7: 2010 | M7: 2011 | N7: 2012 | O7: 2013 | P7: 2014 | Q7: 2015 | R7: 2016 | S7: 2017 | T7: 2018 | U7: 2019 | V7: 2020 | W7: 2021 | X7: 2022 | Y7: 2023 | Z7: 2024
A8: Российская Федерация | B8: 503836.8 | C8: 703831.3 | D8: 830995.5 | E8: 1042720.8 | F8: 1313550.5 | G8: 1754406.2 | H8: 2350840.4 | I8: 3293323.4 | J8: 4528144.7 | K8: 3998342 | L8: 4454156.1 | M8: 5140309.9 | N8: 5714109.3 | O8: 6019464.7 | P8: 6125191.2 | Q8: 7010355.7 | R8: 7213464.2 | S8: 7579837.9 | T8: 8470580.5 | U8: 9132153.1 | V8: 9686256.6 | W8: 11047948 | X8: 13149370 | Y8: 15244343 | Z8: 16780080
A9: Центральный федеральный округ | B9: =SUM(B10:B27) -> 144969.2 | C9: =SUM(C10:C27) -> 191698 | D9: =SUM(D10:D27) -> 224018.2 | E9: =SUM(E10:E27) -> 299631.4 | F9: =SUM(F10:F27) -> 391465.4 | G9: 517238.7 | H9: 706807.5 | I9: 942811.1 | J9: 1214848.3 | K9: 1068106.7 | L9: 1159676.1 | M9: 1270451.8 | N9: 1417953.4 | O9: 1492522.7 | P9: 1593876.3 | Q9: 1780675.5 | R9: 1842119 | S9: 1984091.3 | T9: 2157211.6 | U9: 2356914.4 | V9: 2626914.8 | W9: 2914419.4 | X9: 3545934.1 | Y9: 4054701.7 | Z9: 4256126.7
A10: Белгородская область | B10: 4572.6 | C10: 4581.7 | D10: 5356 | E10: 7383.4 | F10: 11636.6 | G10: 14760.7 | H10: 18543.5 | I10: 32723.9 | J10: 43588.6 | K10: 29832.4 | L10: 41302.7 | M10: 70808 | N10: 80017.7 | O10: 71282.4 | P10: 63342.7 | Q10: 76726.1 | R10: 70984.848 | S10: 88591.816 | T10: 92638.306 | U10: 118522.04 | V10: 127125 | W10: 123674.3 | X10: 146082.5 | Y10: 174327.4 | Z10: 200579.2
A11: Брянская область | B11: 2191.1 | C11: 2263.4 | D11: 2496.5 | E11: 2707.4 | F11: 3778.8 | G11: 4122.9 | H11: 4963.5 | I11: 8145.5 | J11: 11862 | K11: 11499 | L11: 13900.9 | M11: 16941.9 | N11: 18018.5 | O11: 22496.7 | P11: 23973.6 | Q11: 24983.8 | R11: 27764.391 | S11: 28564.571 | T11: 25316.516 | U11: 30334.971 | V11: 40518.5 | W11: 46429.6 | X11: 46223.4 | Y11: 47647.6 | Z11: 43405.2
A12: Владимирская область | B12: 2736.4 | C12: 3141.4 | D12: 3317.3 | E12: 3226.8 | F12: 4373.7 | G12: 6446.5 | H12: 8876.5 | I12: 16250.7 | J12: 20594.4 | K12: 20069 | L12: 21308.9 | M12: 23311.6 | N12: 27075.8 | O12: 30211.5 | P12: 32305.5 | Q12: 30576.2 | R12: 34277.68 | S12: 37927.043 | T12: 40515.002 | U12: 42923.933 | V12: 43864.7 | W12: 64536 | X12: 96585.7 | Y12: 110230.6 | Z12: 90497.7
A13: Воронежская область | B13: 3627.7 | C13: 4893.8 | D13: 6552.8 | E13: 8210.5 | F13: 9494.5 | G13: 11125.2 | H13: 14915.6 | I13: 23289.2 | J13: 32482.4 | K13: 31139.4 | L13: 40755.1 | M13: 49766.9 | N13: 61988 | O13: 68720 | P13: 74643.2 | Q13: 107591.4 | R13: 100403.65 | S13: 107531.14 | T13: 128660.75 | U13: 136924.61 | V13: 133017.8 | W13: 122778.5 | X13: 138126.7 | Y13: 177850.3 | Z13: 209777
A14: Ивановская область | B14: 1282.1 | C14: 1371.9 | D14: 1638.1 | E14: 2245.5 | F14: 3164.4 | G14: 3620 | H14: 6900.4 | I14: 10403.7 | J14: 12064.7 | K14: 15007.8 | L14: 12800.8 | M14: 16221.5 | N14: 16234.7 | O14: 18578.8 | P14: 20923 | Q14: 21859.1 | R14: 20848.696 | S14: 27843.498 | T14: 31998.421 | U14: 40053.674 | V14: 43805.1 | W14: 52942.4 | X14: 59798 | Y14: 68921.5 | Z14: 53529.8
A15: Калужская область | B15: 2556.5 | C15: 3231.4 | D15: 3745.2 | E15: 4375.5 | F15: 5917.9 | G15: 7622.6 | H15: 10933.6 | I15: 15433.7 | J15: 24283.7 | K15: 23378.8 | L15: 26812.4 | M15: 33775.3 | N15: 42733.8 | O15: 42436.3 | P15: 44969.3 | Q15: 59763 | R15: 53878.887 | S15: 66936.244 | T15: 67997.41 | U15: 67111.999 | V15: 74857 | W15: 77177.3 | X15: 81566.1 | Y15: 94653.2 | Z15: 90512.8
A16: Костромская область | B16: 1758.5 | C16: 1730.4 | D16: 2446.8 | E16: 2901.3 | F16: 2885.2 | G16: 3916 | H16: 5327.9 | I16: 7991.2 | J16: 9680.4 | K16: 8416.9 | L16: 8960.5 | M16: 8045.9 | N16: 8485.2 | O16: 8307.4 | P16: 8663.1 | Q16: 13498.7 | R16: 10949.745 | S16: 9020.1356 | T16: 11780.177 | U16: 12591.934 | V16: 16057.8 | W16: 16885.5 | X16: 21026.2 | Y16: 22770.4 | Z16: 17111.1
A17: Курская область | B17: 2202.3 | C17: 3325.4 | D17: 3298.8 | E17: 4372.5 | F17: 6041.2 | G17: 7125.6 | H17: 10257.2 | I17: 14665.9 | J17: 20444.9 | K17: 19970 | L17: 23305.9 | M17: 29581.8 | N17: 33648.1 | O17: 36918.3 | P17: 42060.5 | Q17: 43495.9 | R17: 44911.462 | S17: 50200.474 | T17: 57125.95 | U17: 77081.02 | V17: 82453 | W17: 112268 | X17: 148635.8 | Y17: 176490 | Z17: 212428.8
A18: Липецкая область | B18: 2945.4 | C18: 3213.4 | D18: 3692.2 | E18: 5372.7 | F18: 8009.5 | G18: 12255.4 | H18: 15182.2 | I18: 19994 | J18: 23378.1 | K18: 25591.1 | L18: 25716.5 | M18: 28464.8 | N18: 31372.2 | O18: 34266.8 | P18: 36690.4 | Q18: 40838 | R18: 42387.857 | S18: 48597.179 | T18: 56015.196 | U18: 67817.606 | V18: 77019.9 | W18: 75787 | X18: 91059 | Y18: 105405 | Z18: 153180.1
A19: Московская область | B19: 21675.1 | C19: 30301.8 | D19: 33301.7 | E19: 41590 | F19: 74889.8 | G19: 120237.3 | H19: 161798.9 | I19: 217631.9 | J19: 271169.1 | K19: 210355.6 | L19: 230771.3 | M19: 265066 | N19: 303071.6 | O19: 289351.4 | P19: 314325.8 | Q19: 320716.2 | R19: 328467.97 | S19: 357555.05 | T19: 469584.01 | U19: 520116.58 | V19: 572893.8 | W19: 536546.2 | X19: 712509.4 | Y19: 719436.6 | Z19: 745700.9
A20: Орловская область | B20: 2219.7 | C20: 2832.3 | D20: 2676.5 | E20: 3352.1 | F20: 3827.2 | G20: 4255.2 | H20: 5796 | I20: 7981.4 | J20: 10923.4 | K20: 7988.3 | L20: 7859.7 | M20: 9497.9 | N20: 14687 | O20: 15796.6 | P20: 16861.4 | Q20: 23677.4 | R20: 19544.067 | S20: 21215.076 | T20: 22747.385 | U20: 27027.476 | V20: 29405.8 | W20: 32846.1 | X20: 35517.4 | Y20: 38655.9 | Z20: 36415.6
A21: Рязанская область | B21: 2565.8 | C21: 3928.2 | D21: 3983.2 | E21: 6488.8 | F21: 7804.6 | G21: 12164.9 | H21: 13986.3 | I21: 22072 | J21: 28061.5 | K21: 18685.1 | L21: 25768.3 | M21: 31881.5 | N21: 36509.6 | O21: 42200.2 | P21: 33091.2 | Q21: 43439.9 | R21: 40195.739 | S21: 45602.227 | T21: 49224.85 | U21: 54701.751 | V21: 50453.6 | W21: 54902.3 | X21: 61546.4 | Y21: 74586.5 | Z21: 93654.1
... A27: г. Москва | B27: 79814.7 | C27: 106552.6 | D27: 126584.5 | E27: 174140.3 | F27: 208219 | G27: 252215.5 | H27: 364844.8 | I27: 468172.7 | J27: 597413.4 | K27: 522941.7 | L27: 553874.9 | M27: 549075.8 | N27: 609729.3 | O27: 674276.8 | P27: 734697.6 | Q27: 806215.3 | R27: 876768.55 | S27: 911097.39 | T27: 915569.76 | U27: 951428.01 | V27: 1094815.1 | W27: 1311162.6 | X27: 1606165.4 | Y27: 1879125.4 | Z27: 1975923.2
A28: Северо-Западный федеральный округ | B28: =B29+B30+B31+B35+B36+B37+B38+B39+B40+B41 -> 52281.2 | C28: =C29+C30+C31+C35+C36+C37+C38+C39+C40+C41 -> 69913.3 | D28: =D29+D30+D31+D35+D36+D37+D38+D39+D40+D41 -> 90753.3 | E28: =E29+E30+E31+E35+E36+E37+E38+E39+E40+E41 -> 126037 | F28: =F29+F30+F31+F35+F36+F37+F38+F39+F40+F41 -> 159533.1 | G28: 229684.3 | H28: 360459.1 | I28: 451384.6 | J28: 630934 | K28: 587744.3 | L28: 679920.5 | M28: 730884.9 | N28: 783443.9 | O28: 771037.2 | P28: 817509.7 | Q28: 1048125.7 | R28: 1154849.1 | S28: 1067078.7 | T28: 1198579.1 | U28: 1164599.8 | V28: 1122401.8 | W28: 1250155.7 | X28: 1323868.6 | Y28: 1493897.5 | Z28: 1682760.6
A29: Республика Карелия | B29: 2213.5 | C29: 4055.2 | D29: 3994.4 | E29: 3812.4 | F29: 3827.4 | G29: 4892.8 | H29: 6222.2 | I29: 7395.5 | J29: 9729.1 | K29: 8457.5 | L29: 12343 | M29: 10910.7 | N29: 12182.6 | O29: 16459.2 | P29: 14003.3 | Q29: 19128.9 | R29: 16957.151 | S29: 21720.475 | T29: 31662.457 | U29: 30041.047 | V29: 28171.6 | W29: 31332.8 | X29: 46255.1 | Y29: 58437.4 | Z29: 40997.7
A30: Республика Коми | B30: 4764 | C30: 7851.1 | D30: 8651.9 | E30: 10805.9 | F30: 13395.5 | G30: 22773.8 | H30: 34669 | I30: 34517.5 | J30: 41550.9 | K30: 45628.6 | L30: 56608.9 | M30: 67662 | N30: 104123 | O30: 92221.8 | P30: 81184 | Q30: 77330.4 | R30: 105320.83 | S30: 45160.658 | T30: 47645.959 | U30: 44864.695 | V30: 60036.7 | W30: 54314.5 | X30: 50010.9 | Y30: 47221.4 | Z30: 57443
A31: Архангельская область | B31: 3895.1 | C31: 5795.9 | D31: 7494.1 | E31: 8065.4 | F31: 12210.1 | G31: 23218.4 | H31: 37479.1 | I31: 39707.1 | J31: 39780.8 | K31: 22279.7 | L31: 32936.5 | M31: 39207.5 | N31: 35476.1 | O31: 52319.9 | P31: 39997.6 | Q31: 45903.8 | R31: 56707.304 | S31: 71549.198 | T31: 95862.17 | U31: 84314.166 | V31: 71182.2 | W31: 105934 | X31: 88112.1 | Y31: 105098.3 | Z31: 72654.5
A32: в том числе:
A33: Ненецкий автономный округ | B33: 588.9 | C33: 2368.1 | D33: 4816.8 | E33: 3821.4 | F33: 6224.9 | G33: 8893.5 | H33: 12203.5 | I33: 25013.1 | J33: 12831.7 | K33: 6798.1 | L33: 11264.8 | M33: 11883.5 | N33: 6285.3 | O33: 8392.9 | P33: 8574.3 | Q33: 9962.1 | R33: 8720.189 | S33: 12207.72 | T33: 40650.263 | U33: 25996.494 | V33: 20479.5 | W33: 20724.6 | X33: 24326.2 | Y33: 18896 | Z33: 16878.1
A34: Архангельская область без автономного округа | B34: =B31-B33 -> 3306.2 | C34: =C31-C33 -> 3427.8 | D34: =D31-D33 -> 2677.3 | E34: =E31-E33 -> 4244 | F34: =F31-F33 -> 5985.2 | G34: 14324.9 | H34: =H31-H33 -> 25275.6 | I34: =I31-I33 -> 14694 | J34: =J31-J33 -> 26949.1 | K34: =K31-K33 -> 15481.6 | L34: 21671.7 | M34: 27324 | N34: 29190.8 | O34: 43927 | P34: 31423.3 | Q34: 35941.7 | R34: 47987.115 | S34: 59341.478 | T34: 55211.907 | U34: 58317.672 | V34: 50702.7 | W34: 85209.4 | X34: 63785.8 | Y34: 86202.4 | Z34: 55776.4
A35: Вологодская область | B35: 3965.1 | C35: 4928.6 | D35: 5697.5 | E35: 7642.5 | F35: 15893.5 | G35: 20027.2 | H35: 40069.4 | I35: 38736.3 | J35: 38044 | K35: 27674.1 | L35: 36395.3 | M35: 59683.7 | N35: 60476 | O35: 48862.7 | P35: 41429.5 | Q35: 55677.4 | R35: 65769.22 | S35: 91882.668 | T35: 103048.71 | U35: 108657.06 | V35: 115156.5 | W35: 124610.1 | X35: 107913.6 | Y35: 118600.1 | Z35: 138321.9
A36: Калининградская область | B36: 1694.2 | C36: 2158.4 | D36: 4960 | E36: 7712.3 | F36: 6749.7 | G36: 9582.3 | H36: 19011.3 | I36: 20650.5 | J36: 23583 | K36: 24900 | L36: 26470.9 | M36: 33681.6 | N36: 30994.3 | O36: 34604.3 | P36: 42045.3 | Q36: 59929.7 | R36: 72170.636 | S36: 98824.836 | T36: 105781.64 | U36: 71888.459 | V36: 82119.6 | W36: 73798.8 | X36: 88119.9 | Y36: 124198.9 | Z36: 141697.8
A37: Ленинградская область | B37: 7256.8 | C37: 8769 | D37: 8597.6 | E37: 17839.3 | F37: 22952.7 | G37: 27258.2 | H37: 53727 | I37: 58188.1 | J37: 77937.8 | K37: 80035.8 | L37: 89104.6 | M37: 102960.4 | N37: 114638.5 | O37: 90300.2 | P37: 101123.1 | Q37: 104491.5 | R37: 98149.98 | S37: 112532.39 | T37: 159227.24 | U37: 250991.98 | V37: 206423.6 | W37: 228443.1 | X37: 230365.5 | Y37: 270258.5 | Z37: 404458.8
A38: Мурманская область | B38: 2860.9 | C38: 4279.9 | D38: 4665.1 | E38: 5176.4 | F38: 6872.5 | G38: 9483.9 | H38: 10465.3 | I38: 12631.7 | J38: 16696 | K38: 16233.6 | L38: 18356.9 | M38: 21409.2 | N38: 22255.2 | O38: 22762.6 | P38: 28553.5 | Q38: 34009 | R38: 34379.239 | S38: 45332.975 | T38: 37883.21 | U38: 60734.412 | V38: 77052.6 | W38: 116664.2 | X38: 139008.5 | Y38: 118526.8 | Z38: 96957.8
A39: Новгородская область | B39: 2064.7 | C39: 3140.4 | D39: 2013 | E39: 4803.8 | F39: 5034.3 | G39: 6515.3 | H39: 7022.1 | I39: 9373.1 | J39: 12595.9 | K39: 15297 | L39: 17501.3 | M39: 17941.7 | N39: 21458.2 | O39: 26101.8 | P39: 34782.9 | Q39: 41877.7 | R39: 58217.463 | S39: 37323.982 | T39: 25952.076 | U39: 15048.915 | V39: 18572.2 | W39: 22239.7 | X39: 33840.4 | Y39: 40369.2 | Z39: 41739.8
A40: Псковская область | B40: 1583.2 | C40: 1719.4 | D40: 1910.3 | E40: 2782 | F40: 3265 | G40: 3915.2 | H40: 4033.5 | I40: 6872.1 | J40: 9232.8 | K40: 6621.7 | L40: 9192.7 | M40: 9912.6 | N40: 9968 | O40: 11601.3 | P40: 12705.5 | Q40: 17435.7 | R40: 21101.264 | S40: 25274.367 | T40: 26727.945 | U40: 28787.592 | V40: 24760.3 | W40: 24368.7 | X40: 31712.3 | Y40: 32809.2 | Z40: 32908.3
A41: г. Санкт-Петербург | B41: 21983.7 | C41: 27215.4 | D41: 42769.4 | E41: 57397 | F41: 69332.4 | G41: 102017.1 | H41: 147760.2 | I41: 223312.8 | J41: 361783.8 | K41: 340616.2 | L41: 381010.3 | M41: 367515.4 | N41: 371872 | O41: 375803.6 | P41: 421685.1 | Q41: 592341.5 | R41: 626076 | S41: 517477.19 | T41: 564787.64 | U41: 469271.52 | V41: 438926.5 | W41: 468449.8 | X41: 508530.3 | Y41: 578377.8 | Z41: 655581.1
A42: Южный федеральный округ | B42: =B43+B44+B46+B47+B48+B49 -> 43542.6 | C42: =C43+C44+C46+C47+C48+C49 -> 60275.1 | D42: =D43+D44+D46+D47+D48+D49 -> 74145 | E42: =E43+E44+E46+E47+E48+E49 -> 80427.5 | F42: =F43+F44+F46+F47+F48+F49 -> 94313.4 | G42: 123158 | H42: 172844.6 | I42: 246139.1 | J42: 357476.7 | K42: 347263.5 | L42: 449688.2 | M42: 561058.9 | N42: 628863 | O42: 731522.8 | P42: 587574.9 | Q42: 598496.4 | R42: 563542.84 | S42: 688675.6 | T42: 757941.48 | U42: 734512.76 | V42: 762653.5 | W42: 850913.8 | X42: 1004332 | Y42: 1176739.1 | Z42: 1351268.3
A43: Республика Адыгея | B43: 667.2 | C43: 862.7 | D43: 886.9 | E43: 1176.8 | F43: 1095.8 | G43: 1584.4 | H43: 1842.1 | I43: 6901.3 | J43: 6539 | K43: 7801 | L43: 7762.4 | M43: 9248.4 | N43: 9864.2 | O43: 9651.6 | P43: 10280.1 | Q43: 11545.8 | R43: 12867.982 | S43: 12704.382 | T43: 19453.974 | U43: 25473.07 | V43: 22669 | W43: 22338.5 | X43: 30605.6 | Y43: 34188.7 | Z43: 27888.7
A44: Республика Калмыкия | B44: 618.5 | C44: 1566 | D44: 2671.6 | E44: 1324.5 | F44: 1527.5 | G44: 1912.1 | H44: 2211.3 | I44: 1955 | J44: 2362.4 | K44: 2862 | L44: 2937.8 | M44: 2891.6 | N44: 3604.1 | O44: 3862.8 | P44: 8124 | Q44: 3525.6 | R44: 1320.821 | S44: 2945.5378 | T44: 6495.092 | U44: 7418.199 | V44: 8748.3 | W44: 4713.3 | X44: 7928.8 | Y44: 8646.1 | Z44: 10868.1
A45: Республика Крым | P45: 3208.7 | Q45: 3351.2 | R45: 16019.58 | S45: 51085.767 | T45: 151953.83 | U45: 138846.63 | V45: 142865.9 | W45: 102472.7 | X45: 138706.8 | Y45: 157448 | Z45: 125676.5
A46: Краснодарский край | B46: 22114.2 | C46: 30738.7 | D46: 38269.7 | E46: 40132.5 | F46: 49290.8 | G46: 57818.6 | H46: 84984 | I46: 125265.9 | J46: 182312.9 | K46: 204427.5 | L46: 299575.2 | M46: 399396.9 | N46: 442396.7 | O46: 480663.6 | P46: 316186.5 | Q46: 275549.8 | R46: 252093.37 | S46: 308669.28 | T46: 311056.06 | U46: 280753.72 | V46: 293715.7 | W46: 325673.7 | X46: 377375.1 | Y46: 431504.8 | Z46: 554811.4
A47: Астраханская область | B47: 3925.9 | C47: 5578.7 | D47: 5684.7 | E47: 7300.2 | F47: 7077.8 | G47: 8689.3 | H47: 11010.3 | I47: 18131.8 | J47: 28770.6 | K47: 20537.1 | L47: 17436.4 | M47: 18221.1 | N47: 21263.1 | O47: 52284.9 | P47: 42049.3 | Q47: 36309.1 | R47: 26473.622 | S47: 39579.2 | T47: 40964.02 | U47: 40399.483 | V47: 41350 | W47: 60128.9 | X47: 41305.5 | Y47: 37815.9 | Z47: 40839.4
A48: Волгоградская область | B48: 7142.3 | C48: 8906.4 | D48: 13012.3 | E48: 13850.3 | F48: 15490.5 | G48: 20690 | H48: 25133.9 | I48: 33027.6 | J48: 52131.7 | K48: 41317.1 | L48: 45481.9 | M48: 47914.8 | N48: 54785.8 | O48: 58597.5 | P48: 62336.1 | Q48: 86190.1 | R48: 77005.744 | S48: 91870.857 | T48: 77636.68 | U48: 79020.585 | V48: 80261.3 | W48: 85655.3 | X48: 106328.5 | Y48: 131042.5 | Z48: 144870
A49: Ростовская область | B49: 9074.5 | C49: 12622.6 | D49: 13619.8 | E49: 16643.2 | F49: 19831 | G49: 32463.6 | H49: 47663 | I49: 60857.5 | J49: 85360 | K49: 70318.8 | L49: 76494.6 | M49: 83386 | N49: 96949 | O49: 126462.5 | P49: 143234.3 | Q49: 172545.6 | R49: 159300.61 | S49: 171252.59 | T49: 133262.33 | U49: 143940.48 | V49: 157059.8 | W49: 222863.7 | X49: 252545 | Y49: 333913.5 | Z49: 364433.9
A50: г. Севастополь | P50: 2155.9 | Q50: 9479.3 | R50: 18461.111 | S50: 10568.032 | T50: 17119.501 | U50: 18660.591 | V50: 15983.5 | W50: 27067.8 | X50: 49536.7 | Y50: 42179.6 | Z50: 81880.4
A51: Северо-Кавказский федеральный округ | B51: =B52+B53+B54+B55+B56+B58 -> 13849.6 | C51: =C52+C53+C54+C55+C56+C58 -> 17892.8 | D51: =D52+D53+D54+D55+D56+D57+D58 -> 23171.4 | E51: =E52+E53+E54+E55+E56+E57+E58 -> 25912.5 | F51: =F52+F53+F54+F55+F56+F57+F58 -> 31836.4 | G51: 43246.2 | H51: 60877.5 | I51: 100072.2 | J51: 131758.4 | K51: 131470.3 | L51: 138691.4 | M51: 163050.9 | N51: 184238.6 | O51: 198927 | P51: 249116.2 | Q51: 268787.1 | R51: 272664.4 | S51: 310232.12 | T51: 339653.49 | U51: 417844.93 | V51: 430622.8 | W51: 476554.3 | X51: 541545.7 | Y51: 635463 | Z51: 759292.8
A52: Республика Дагестан | B52: 2276.3 | C52: 4063.2 | D52: 4071.3 | E52: 6080.7 | F52: 8971.7 | G52: 14079.7 | H52: 22365.4 | I52: 33091.9 | J52: 45666.8 | K52: 53644.9 | L52: 60223.5 | M52: 68358.3 | N52: 75717.3 | O52: 88405.3 | P52: 105998.7 | Q52: 123921 | R52: 133440.42 | S52: 153083.02 | T52: 135068.3 | U52: 170615.7 | V52: 180977.8 | W52: 189606.8 | X52: 201441.9 | Y52: 215807.8 | Z52: 228797.2
A53: Республика Ингушетия | B53: 361.4 | C53: 588 | D53: 432.8 | E53: 744.6 | F53: 1329.9 | G53: 1957.6 | H53: 1773.5 | I53: 3457.5 | J53: 3528.4 | K53: 4127.8 | L53: 3253.7 | M53: 1908.9 | N53: 4317.5 | O53: 9297.1 | P53: 10647.2 | Q53: 7953.9 | R53: 8209.671 | S53: 6229.0701 | T53: 13914.327 | U53: 16175.7 | V53: 11436.1 | W53: 16702.1 | X53: 18099.3 | Y53: 22026 | Z53: 20425.8
A54: Кабардино-Балкарская Республика | B54: 1440 | C54: 1959.9 | D54: 2420.5 | E54: 2816.2 | F54: 3200.7 | G54: 3910.4 | H54: 3186.1 | I54: 4148.7 | J54: 6162.1 | K54: 6054.8 | L54: 4431.2 | M54: 5707.7 | N54: 6734.4 | O54: 7937.2 | P54: 9519.3 | Q54: 13460 | R54: 14881.078 | S54: 15384.941 | T54: 18337.633 | U54: 23883.084 | V54: 28350.1 | W54: 29228.6 | X54: 34477.9 | Y54: 39260.1 | Z54: 43640.9
A55: Карачаево-Черкесская Республика | B55: 282.4 | C55: 589 | D55: 1097.3 | E55: 1028.5 | F55: 1293.1 | G55: 3021.4 | H55: 4336.7 | I55: 4967.3 | J55: 5910.4 | K55: 5495.2 | L55: 4640.3 | M55: 8009.5 | N55: 10836.6 | O55: 13453.2 | P55: 13603.6 | Q55: 13145.7 | R55: 13678.304 | S55: 14271.435 | T55: 16351.987 | U55: 16269.073 | V55: 16410 | W55: 23126.9 | X55: 21224.6 | Y55: 21877.6 | Z55: 22138.1
A56: Республика Северная Осетия – Алания | B56: 1200.5 | C56: 1815.2 | D56: 2535.9 | E56: 2387.4 | F56: 2560.6 | G56: 3816.2 | H56: 4971.5 | I56: 9685.7 | J56: 11399.4 | K56: 12241.1 | L56: 12943.9 | M56: 14654 | N56: 12091.6 | O56: 12853.3 | P56: 20941.7 | Q56: 22445 | R56: 23990.189 | S56: 13761.291 | T56: 19052.39 | U56: 21427.108 | V56: 17746.2 | W56: 16694.3 | X56: 24290.5 | Y56: 27775.5 | Z56: 35800.2
A57: Чеченская Республика | B57: … | C57: … | D57: 3478.7 | E57: 3020.4 | F57: 3057.8 | G57: 3420.2 | H57: 8917.1 | I57: 23858.1 | J57: 27970.4 | K57: 26139.1 | L57: 23741.5 | M57: 26846.7 | N57: 29877.5 | O57: 18972.6 | P57: 25436 | Q57: 25953.1 | R57: 26494.042 | S57: 29672.74 | T57: 45221.686 | U57: 52947.411 | V57: 45736.9 | W57: 68600.2 | X57: 87267.3 | Y57: 121138.8 | Z57: 167894.6
A58: Ставропольский край | B58: 8289 | C58: 8877.5 | D58: 9134.9 | E58: 9834.7 | F58: 11422.6 | G58: 13040.7 | H58: 15327.2 | I58: 20862.9 | J58: 31121 | K58: 23767.4 | L58: 29457.2 | M58: 37565.7 | N58: 44663.7 | O58: 48008.4 | P58: 62969.7 | Q58: 61908.3 | R58: 51970.7 | S58: 77829.632 | T58: 91707.167 | U58: 116526.86 | V58: 129965.6 | W58: 132595.2 | X58: 154744.2 | Y58: 187577.3 | Z58: 240596
A59: Приволжский федеральный округ | B59: =SUM(B60:B73) -> 81901.8 | C59: =SUM(C60:C73) -> 113688.2 | D59: =SUM(D60:D73) -> 121025 | E59: =SUM(E60:E73) -> 152304.4 | F59: =SUM(F60:F73) -> 197038.6 | G59: 280970.5 | H59: 351415.5 | I59: 509924 | J59: 712290.4 | K59: 626108.7 | L59: 686114.7 | M59: 811944.9 | N59: 1010586.6 | O59: 1114417.7 | P59: 1192962.1 | Q59: 1329777.2 | R59: 1307540.6 | S59: 1366814.1 | T59: 1337438.4 | U59: 1499687.1 | V59: 1516676.2 | W59: 1805033.8 | X59: 2226115.8 | Y59: 2712301.6 | Z59: 2984185.5
A60: Республика Башкортостан | B60: 15676.8 | C60: 21242 | D60: 19988.7 | E60: 25365 | F60: 32090.6 | G60: 46438.6 | H60: 56203.4 | I60: 83096.3 | J60: 102727.3 | K60: 81341.1 | L60: 80890 | M60: 99076.6 | N60: 135626.7 | O60: 139640.9 | P60: 145411.6 | Q60: 180738.9 | R60: 191359.08 | S60: 195779.51 | T60: 190419.04 | U60: 229538.43 | V60: 216543.7 | W60: 257852.8 | X60: 302414.5 | Y60: 403332.3 | Z60: 481117.3
A61: Республика Марий Эл | B61: 1066.7 | C61: 1123.2 | D61: 1474.7 | E61: 2171.7 | F61: 2626.7 | G61: 3475.1 | H61: 4626.3 | I61: 7533.4 | J61: 9962.2 | K61: 6710.5 | L61: 9511.4 | M61: 11955.9 | N61: 12353 | O61: 13126.9 | P61: 14662.7 | Q61: 15337.3 | R61: 13214.732 | S61: 13739.727 | T61: 14694.826 | U61: 18028.335 | V61: 21718.2 | W61: 26474.2 | X61: 23361.2 | Y61: 30188.9 | Z61: 20121.4
A62: Республика Мордовия | B62: 1365.9 | C62: 2386.2 | D62: 2808.6 | E62: 4009 | F62: 4215.8 | G62: 5379.9 | H62: 7233.6 | I62: 11021.7 | J62: 14633.4 | K62: 14414.1 | L62: 17246.1 | M62: 26214 | N62: 24653.3 | O62: 20535.3 | P62: 21034.9 | Q62: 27060.1 | R62: 28080.822 | S62: 33020.428 | T62: 25450.363 | U62: 29398.117 | V62: 26142.6 | W62: 29639.5 | X62: 35445.2 | Y62: 34989 | Z62: 35994.8
A63: Республика Татарстан | B63: 15260.3 | C63: 20692.9 | D63: 23279.5 | E63: 31042.1 | F63: 44669.3 | G63: 71499.8 | H63: 86606.7 | I63: 124041.5 | J63: 156977.7 | K63: 165221.5 | L63: 178667.8 | M63: 220777.6 | N63: 287251 | O63: 297459.9 | P63: 309629.2 | Q63: 334183.1 | R63: 336856.58 | S63: 344427.1 | T63: 349095.96 | U63: 364230.71 | V63: 363130.7 | W63: 416227.4 | X63: 573145.3 | Y63: 708076.1 | Z63: 908872.8
A64: Удмуртская Республика | B64: 4193.9 | C64: 5867.3 | D64: 5286.4 | E64: 6586 | F64: 7797.5 | G64: 9068.6 | H64: 10699.3 | I64: 17279.2 | J64: 25180.6 | K64: 15765.3 | L64: 23586.5 | M64: 25025.7 | N64: 26811.6 | O64: 35643.3 | P64: 38718.1 | Q64: 44163.7 | R64: 42729 | S64: 40987.693 | T64: 40975.273 | U64: 49706.534 | V64: 55990.5 | W64: 61284.1 | X64: 65004 | Y64: 65605.4 | Z64: 77672.4
A65: Чувашская Республика | B65: 2710.7 | C65: 3659.5 | D65: 4314.6 | E65: 5599.5 | F65: 7784.1 | G65: 9942 | H65: 13542.2 | I65: 25035.1 | J65: 33740.2 | K65: 17619.4 | L65: 19501.7 | M65: 23710.6 | N65: 27823.4 | O65: 34931.6 | P65: 36961.4 | Q65: 35325.5 | R65: 35842.484 | S65: 33865.22 | T65: 39599.387 | U65: 38530.723 | V65: 38243 | W65: 45482.3 | X65: 58497.6 | Y65: 76972.7 | Z65: 74752.7
A66: Пермский край | B66: 8024.6 | C66: 11495.8 | D66: 11130 | E66: 13346.2 | F66: 17420.5 | G66: 23976.3 | H66: 26671.9 | I66: 38895.2 | J66: 60280.4 | K66: 63193.8 | L66: 70636.7 | M66: 74574.6 | N66: 76933.6 | O66: 85927.1 | P66: 93206.1 | Q66: 111970.1 | R66: 104939.14 | S66: 118037.35 | T66: 120213.54 | U66: 144726.45 | V66: 153129.3 | W66: 163753.1 | X66: 195349.9 | Y66: 259670.9 | Z66: 302570.4
A67: Кировская область | B67: 2455.8 | C67: 2947 | D67: 3218.1 | E67: 3808.9 | F67: 4350.6 | G67: 5533.6 | H67: 8644.4 | I67: 11652.7 | J67: 14414.4 | K67: 10949.8 | L67: 16213.7 | M67: 17803.4 | N67: 22155.8 | O67: 26013.9 | P67: 28330.5 | Q67: 33945.6 | R67: 33672.458 | S67: 32297.517 | T67: 33388.381 | U67: 32950.851 | V67: 32132.6 | W67: 35753.3 | X67: 39969 | Y67: 52828.6 | Z67: 54602.2
A68: Нижегородская область | B68: 6559.5 | C68: 12936.6 | D68: 14288.4 | E68: 16441.2 | F68: 22075.3 | G68: 31794.5 | H68: 42391.9 | I68: 53068.3 | J68: 109244.3 | K68: 104759.7 | L68: 97822.3 | M68: 109311.4 | N68: 128349.8 | O68: 142638.3 | P68: 155110.7 | Q68: 150106.8 | R68: 153216.15 | S68: 168993.34 | T68: 143775.93 | U68: 181487.85 | V68: 192855.6 | W68: 206120.4 | X68: 249244 | Y68: 304666.8 | Z68: 270547
A69: Оренбургская область | B69: 5197.8 | C69: 6188.2 | D69: 6428.3 | E69: 8878.4 | F69: 10855.6 | G69: 13184.2 | H69: 17320.2 | I69: 24640.3 | J69: 34507.1 | K69: 25826.3 | L69: 31409.1 | M69: 35025.4 | N69: 41873.5 | O69: 41456.1 | P69: 47597.4 | Q69: 60566.7 | R69: 49750.762 | S69: 62949.946 | T69: 78643.522 | U69: 101306.98 | V69: 89728 | W69: 96742.5 | X69: 99925.6 | Y69: 118319.5 | Z69: 142854.9
A70: Пензенская область | B70: 2343.3 | C70: 2964.3 | D70: 3278.5 | E70: 5247.7 | F70: 6411.2 | G70: 7085.9 | H70: 9153.7 | I70: 18050.1 | J70: 28901.7 | K70: 22812.3 | L70: 21573.5 | M70: 27574.1 | N70: 37437.3 | O70: 40293.9 | P70: 39824.7 | Q70: 39423.9 | R70: 33648.403 | S70: 31959.456 | T70: 31499.567 | U70: 39153.015 | V70: 48195.5 | W70: 53193.9 | X70: 57435.1 | Y70: 59860 | Z70: 66712.3
A71: Самарская область | B71: 8643.5 | C71: 13094.1 | D71: 15163 | E71: 16862.7 | F71: 21574.5 | G71: 27600.2 | H71: 33358.4 | I71: 47978.4 | J71: 55810.6 | K71: 43508.9 | L71: 61213.3 | M71: 67670.3 | N71: 103007.8 | O71: 139333 | P71: 159384.8 | Q71: 170735.1 | R71: 187629.52 | S71: 191782.13 | T71: 159193.56 | U71: 163260.99 | V71: 168286.7 | W71: 253927.2 | X71: 283406.8 | Y71: 301898.8 | Z71: 288602.3
... A73: Ульяновская область | B73: 2638.9 | C73: 3459.6 | D73: 3563.4 | E73: 3605.4 | F73: 4048.2 | G73: 5248.4 | H73: 10739.4 | I73: 15888.5 | J73: 23552.9 | K73: 20590.1 | L73: 19103 | M73: 26619.9 | N73: 32166.5 | O73: 37686.9 | P73: 42841.4 | Q73: 49658.5 | R73: 41748.804 | S73: 39000.244 | T73: 46720.665 | U73: 40841.934 | V73: 38448.7 | W73: 37431.5 | X73: 57249.2 | Y73: 73079.6 | Z73: 61725.3
A74: Уральский федеральный округ | B74: =B75+B76+B77+B82 -> 83695 | C74: =C75+C76+C77+C82 -> 140774.5 | D74: =D75+D76+D77+D82 -> 155651.7 | E74: =E75+E76+E77+E82 -> 196596.1 | F74: =F75+F76+F77+F82 -> 207361 | G74: 245824.2 | H74: 305862.7 | I74: 456097.6 | J74: 653106.4 | K74: 542117.2 | L74: 578855.4 | M74: 638123.8 | N74: 708946.6 | O74: 706213.3 | P74: 716109.2 | Q74: 816487.8 | R74: 854442.6 | S74: 874544.06 | T74: 1331562.9 | U74: 1264369.5 | V74: 1508205.5 | W74: 1718595.3 | X74: 1860904.2 | Y74: 1988258.3 | Z74: 2167115.9
A75: Курганская область | B75: 1150.4 | C75: 1420.8 | D75: 2156.8 | E75: 2439.5 | F75: 2906.3 | G75: 3901.6 | H75: 4941.8 | I75: 6524.2 | J75: 12839.6 | K75: 11328.7 | L75: 8954.3 | M75: 9938.5 | N75: 10925 | O75: 13396 | P75: 12996 | Q75: 13182.3 | R75: 12214.239 | S75: 13972.996 | T75: 14906.904 | U75: 21663.989 | V75: 23328.2 | W75: 24920.2 | X75: 27181.2 | Y75: 30764.4 | Z75: 35144.4
A76: Свердловская область | B76: 12199.8 | C76: 15261.9 | D76: 18305.1 | E76: 22178.2 | F76: 29569 | G76: 42432.4 | H76: 58923.9 | I76: 87398.9 | J76: 114798.9 | K76: 74576.6 | L76: 88889.6 | M76: 106466.6 | N76: 112859.9 | O76: 107171.5 | P76: 107973.3 | Q76: 188056.5 | R76: 185497.97 | S76: 188226.84 | T76: 210622.8 | U76: 199593.75 | V76: 226786.9 | W76: 287594.5 | X76: 346597.2 | Y76: 450516.4 | Z76: 560169.6
A77: Тюменская область | B77: 58964.4 | C77: 109718.4 | D77: 121951.9 | E77: 154524.6 | F77: 154311.1 | G77: 172033.4 | H77: 210024.7 | I77: 311067.8 | J77: 446166.4 | K77: 407079.8 | L77: 426342.9 | M77: 455932.8 | N77: 514270.1 | O77: 506941.6 | P77: 515241.8 | Q77: 488850.3 | R77: 534031.84 | S77: 565906.27 | T77: 996360.7 | U77: 933180.66 | V77: 1116973.8 | W77: 1238933.8 | X77: 1274054.6 | Y77: 1262262.7 | Z77: 1245020.7
A78: в том числе:
A79: Ханты-Мансийский автономный округ – Югра | B79: 31972.1 | C79: 52723.6 | D79: 53577.9 | E79: 63782.8 | F79: 55316.7 | G79: 71611.9 | H79: 91832.9 | I79: 136900.3 | J79: 181042.4 | K79: 164786.6 | L79: 176794.9 | M79: 219657.7 | N79: 246503.8 | O79: 229549.6 | P79: 217036.1 | Q79: 216178.1 | R79: 196975.37 | S79: 227074.92 | T79: 336103.86 | U79: 324683.8 | V79: 367911.4 | W79: 400898.2 | X79: 417435.5 | Y79: 477540.3 | Z79: 543155.2
A80: Ямало-Ненецкий автономный округ | B80: 21265.7 | C80: 47986.1 | D80: 58760.4 | E80: 78349.1 | F80: 76176.3 | G80: 61704.6 | H80: 63740.5 | I80: 105093.9 | J80: 174684 | K80: 175915 | L80: 179857.3 | M80: 156558.9 | N80: 165026.2 | O80: 141827.6 | P80: 151154.8 | Q80: 138303.3 | R80: 177220.46 | S80: 157482.2 | T80: 424490.02 | U80: 389750.35 | V80: 574861.6 | W80: 673927.6 | X80: 635916.1 | Y80: 558846.2 | Z80: 481590.8
A81: Тюменская область без автономных округов | B81: =B77-B79-B80 -> 5726.6 | C81: =C77-C79-C80 -> 9008.7 | D81: =D77-D79-D80 -> 9613.6 | E81: =E77-E79-E80 -> 12392.7 | F81: =F77-F79-F80 -> 22818.1 | G81: 38716.9 | H81: 54451.3 | I81: 69073.6 | J81: 90440 | K81: 66378.2 | L81: 69690.7 | M81: 79716.2 | N81: 102740.1 | O81: 135564.4 | P81: 147050.9 | Q81: 134369 | R81: 159836.02 | S81: 181349.17 | T81: 235766.83 | U81: 218746.51 | V81: 174200.7 | W81: 164108 | X81: 220703 | Y81: 225876.2 | Z81: 220274.7
A82: Челябинская область | B82: 11380.4 | C82: 14373.4 | D82: 13237.9 | E82: 17453.8 | F82: 20574.6 | G82: 27456.8 | H82: 31972.3 | I82: 51106.6 | J82: 79301.5 | K82: 49132.1 | L82: 54668.6 | M82: 65785.9 | N82: 70891.7 | O82: 78704.3 | P82: 79898.1 | Q82: 126398.8 | R82: 122698.55 | S82: 106437.95 | T82: 109672.54 | U82: 109931.1 | V82: 141116.6 | W82: 167146.7 | X82: 213071.2 | Y82: 244714.8 | Z82: 326781.2
A83: Сибирский федеральный округ | B83: =SUM(B84:B93) -> 46866.8 | C83: =SUM(C84:C93) -> 55797.9 | D83: =SUM(D84:D93) -> 60180.3 | E83: =SUM(E84:E93) -> 77962.1 | F83: =SUM(F84:F93) -> 99379.1 | G83: 153980.5 | H83: 198330.8 | I83: 290595.1 | J83: 369179.2 | K83: 313321.7 | L83: 377852.1 | M83: 469761.1 | N83: 552385.4 | O83: 567272.2 | P83: 573930.2 | Q83: 733398.4 | R83: 737558.7 | S83: 741738.88 | T83: 746459.42 | U83: 862644.57 | V83: 887046 | W83: 1137098.6 | X83: 1505319.1 | Y83: 1702607 | Z83: 1835348.2
A84: Республика Алтай | B84: 300 | C84: 657.8 | D84: 760.4 | E84: 842.1 | F84: 1529.9 | G84: 1881.4 | H84: 2818.7 | I84: 3766 | J84: 5227.9 | K84: 5453.7 | L84: 8320.7 | M84: 10481.6 | N84: 7137.1 | O84: 7196.6 | P84: 8013.4 | Q84: 6798.2 | R84: 7524.622 | S84: 6412.7878 | T84: 9491.414 | U84: 11877.854 | V84: 10132.2 | W84: 8871.9 | X84: 22704.8 | Y84: 42089.6 | Z84: 32511.1
A85: Республика Тыва | B85: 152.4 | C85: 447.4 | D85: 548.5 | E85: 633.3 | F85: 634.3 | G85: 634.3 | H85: 652.6 | I85: 949.6 | J85: 1027.4 | K85: 2018 | L85: 2225.9 | M85: 2463.2 | N85: 2511.5 | O85: 4192.6 | P85: 5405 | Q85: 4783.4 | R85: 4922.751 | S85: 6549.6177 | T85: 6391.911 | U85: 11062.234 | V85: 12104.3 | W85: 8976.6 | X85: 9541.8 | Y85: 17917.6 | Z85: 26631.6
A86: Республика Хакасия | B86: 1380.7 | C86: 1663.8 | D86: 1593.9 | E86: 2224 | F86: 2823.6 | G86: 6682.4 | H86: 8014.2 | I86: 6350.5 | J86: 6531.9 | K86: 6040.7 | L86: 7602 | M86: 10027.3 | N86: 12852.4 | O86: 14884.1 | P86: 12306.8 | Q86: 14770.1 | R86: 15056.486 | S86: 14544.788 | T86: 15348.009 | U86: 17967.713 | V86: 19812.1 | W86: 21377.8 | X86: 26569.3 | Y86: 33140.3 | Z86: 38696.7
A87: Алтайский край | B87: 4765 | C87: 3135.4 | D87: 3621.4 | E87: 5408.8 | F87: 6565 | G87: 10743 | H87: 14789.4 | I87: 22000.5 | J87: 26020.6 | K87: 16573.1 | L87: 20881.3 | M87: 27396.5 | N87: 29863.8 | O87: 34108.6 | P87: 34630.7 | Q87: 52207.4 | R87: 45834.047 | S87: 56493.528 | T87: 54195.621 | U87: 58395.206 | V87: 67043 | W87: 79113 | X87: 81457.7 | Y87: 94032.6 | Z87: 108835.8
A88: Красноярский край | B88: 12370.8 | C88: 15896.5 | D88: 15673.9 | E88: 18637.8 | F88: 19124.7 | G88: 24634.7 | H88: 31508.1 | I88: 47268.3 | J88: 65046.1 | K88: 78632.3 | L88: 87265.2 | M88: 107462.7 | N88: 133576.1 | O88: 135541.6 | P88: 133530.5 | Q88: 185744.2 | R88: 201674.6 | S88: 177180.95 | T88: 165170.88 | U88: 157227.24 | V88: 176762.5 | W88: 226482.9 | X88: 352243.3 | Y88: 424975.5 | Z88: 529145.4
A89: Иркутская область | B89: 6511.9 | C89: 8400.4 | D89: 7577.2 | E89: 10193.8 | F89: 14917.2 | G89: 20544.4 | H89: 28107.2 | I89: 45445.2 | J89: 50022.9 | K89: 47795.8 | L89: 55017.7 | M89: 63825.4 | N89: 89331.9 | O89: 94617 | P89: 89312.6 | Q89: 98839.4 | R89: 131835.96 | S89: 130347.83 | T89: 113826.41 | U89: 158311.37 | V89: 164413.5 | W89: 280899 | X89: 398189.2 | Y89: 390939.2 | Z89: 308320.7
A90: Кемеровская область | B90: 8281.2 | C90: 9871.2 | D90: 10878.1 | E90: 13373 | F90: 19320.4 | G90: 35251.7 | H90: 42033.2 | I90: 58041.9 | J90: 79178.1 | K90: 62134.2 | L90: 69863 | M90: 102265.8 | N90: 114065.1 | O90: 111660.2 | P90: 121652 | Q90: 111619.6 | R90: 95732.473 | S90: 117662.32 | T90: 130050.56 | U90: 156019.23 | V90: 130829.3 | W90: 160187 | X90: 186842.9 | Y90: 214688.6 | Z90: 229336
A91: Новосибирская область | B91: 7166.4 | C91: 6210.2 | D91: 7113.2 | E91: 10100.9 | F91: 11805.8 | G91: 15750.1 | H91: 21311.7 | I91: 36380.6 | J91: 47942.8 | K91: 31045.4 | L91: 52873.9 | M91: 56372.7 | N91: 66337.9 | O91: 69909.2 | P91: 68539.2 | Q91: 142304.2 | R91: 114883.5 | S91: 117545.63 | T91: 132879.44 | U91: 137383.09 | V91: 149076.9 | W91: 170450 | X91: 219139.8 | Y91: 279077 | Z91: 348415.7
A92: Омская область | B92: 2549.1 | C92: 3553.4 | D92: 5372.8 | E92: 8023 | F92: 11946.3 | G92: 21401.9 | H92: 26013.3 | I92: 38353.1 | J92: 52220.5 | K92: 33726.8 | L92: 42953.7 | M92: 50613.5 | N92: 58037.2 | O92: 60713.2 | P92: 61925.8 | Q92: 63374.4 | R92: 62668.415 | S92: 64752.01 | T92: 74079.085 | U92: 99500.438 | V92: 98666.3 | W92: 111892.8 | X92: 138706.6 | Y92: 129971.1 | Z92: 128308.1
A93: Томская область | B93: 3389.3 | C93: 5961.8 | D93: 7040.9 | E93: 8525.4 | F93: 10711.9 | G93: 16456.6 | H93: 23082.4 | I93: 32039.4 | J93: 35961 | K93: 29901.7 | L93: 30848.7 | M93: 38852.4 | N93: 38672.4 | O93: 34449.1 | P93: 38614.2 | Q93: 52957.5 | R93: 57425.842 | S93: 50249.425 | T93: 45026.082 | U93: 54900.201 | V93: 58205.9 | W93: 68847.4 | X93: 69923.7 | Y93: 75775.5 | Z93: 85147
A94: Дальневосточный федеральный округ | B94: =SUM(B95:B105) -> 31857 | C94: =SUM(C95:C105) -> 53791.5 | D94: =SUM(D95:D105) -> 59870 | E94: =SUM(E95:E105) -> 83849.8 | F94: =SUM(F95:F105) -> 103442.7 | G94: 155066.6 | H94: 190468.3 | I94: 244043.4 | J94: 285745.4 | K94: 315744 | L94: 373372.1 | M94: 441553.8 | N94: 427691.9 | O94: 391119.8 | P94: 371625.6 | Q94: 434607.6 | R94: 480746.98 | S94: 546663.07 | T94: 601734.09 | U94: 831580.03 | V94: 831736.1 | W94: 895177.4 | X94: 1141350 | Y94: 1480374.8 | Z94: 1495020.3
A95: Республика Бурятия | B95: 2036.3 | C95: 3555.3 | D95: 3423.8 | E95: 5203.8 | F95: 4654.1 | G95: 5038.8 | H95: 7102.9 | I95: 9038.9 | J95: 12284 | K95: 14707.6 | L95: 15947.9 | M95: 19990.1 | N95: 21104 | O95: 20306.7 | P95: 20276.2 | Q95: 20703 | R95: 23580.341 | S95: 31505.086 | T95: 27559.778 | U95: 27770.83 | V95: 29194.8 | W95: 29376.2 | X95: 75314.1 | Y95: 79506.9 | Z95: 64711.2
A96: Республика Саха (Якутия) | B96: 7706.5 | C96: 11906.6 | D96: 12632.9 | E96: 14824.2 | F96: 17004.3 | G96: 21159.7 | H96: 26743.5 | I96: 40255.2 | J96: 51463.1 | K96: 68387.5 | L96: 48965.8 | M96: 58585.1 | N96: 70534.3 | O96: 65690.5 | P96: 70018.9 | Q96: 91467.4 | R96: 115985.56 | S96: 151127.37 | T96: 165442.3 | U96: 197693.57 | V96: 114877.7 | W96: 138603.3 | X96: 209654.7 | Y96: 318437 | Z96: 330255.7
A97: Забайкальский край | B97: 2715.6 | C97: 4537.7 | D97: 4165.6 | E97: 6269.5 | F97: 5876.6 | G97: 7144.8 | H97: 9957.3 | I97: 17603.4 | J97: 25206.4 | K97: 23323.4 | L97: 17618.3 | M97: 20437.2 | N97: 22997.8 | O97: 24968.3 | P97: 24379.5 | Q97: 25560.9 | R97: 28749.866 | S97: 30516.905 | T97: 29594.973 | U97: 31565.37 | V97: 44526.9 | W97: 47596.4 | X97: 63810.2 | Y97: 83155.7 | Z97: 79918.4
A98: Камчатский край | B98: 1508.5 | C98: 1980.7 | D98: 2174.8 | E98: 2670.1 | F98: 3164.4 | G98: 4054.6 | H98: 4802.2 | I98: 6259.3 | J98: 9597.9 | K98: 15692.6 | L98: 16825.9 | M98: 17183.8 | N98: 16615.1 | O98: 17985.5 | P98: 16435.3 | Q98: 17306.4 | R98: 22988.784 | S98: 23113.74 | T98: 23437.396 | U98: 23868.18 | V98: 24033.1 | W98: 32727.4 | X98: 42101.7 | Y98: 36870.9 | Z98: 42580
A99: Приморский край | B99: 4507.3 | C99: 5652.2 | D99: 7150 | E99: 9393.3 | F99: 11462.8 | G99: 14058.7 | H99: 18455.7 | I99: 24254.8 | J99: 34759.4 | K99: 63740 | L99: 96166.1 | M99: 123825.9 | N99: 86178.2 | O99: 62685.6 | P99: 54269.7 | Q99: 62960.2 | R99: 66936.602 | S99: 72270.182 | T99: 71887.281 | U99: 96894.975 | V99: 116789.7 | W99: 123638.5 | X99: 154120.9 | Y99: 194792.9 | Z99: 211221.3
A100: Хабаровский край | B100: 5459.1 | C100: 8669 | D100: 9553.2 | E100: 12593.9 | F100: 18213 | G100: 23505.7 | H100: 27677 | I100: 31726.2 | J100: 38977.4 | K100: 41116.8 | L100: 70828.1 | M100: 67149.5 | N100: 69609.8 | O100: 61327.8 | P100: 56177.2 | Q100: 59323 | R100: 59775.078 | S100: 58097.452 | T100: 70824.311 | U100: 85794.613 | V100: 101782.8 | W100: 122096.3 | X100: 134198.5 | Y100: 208166 | Z100: 246240.5
A101: Амурская область | B101: 2050.4 | C101: 10080 | D101: 9001.4 | E101: 11129.6 | F101: 10830.3 | G101: 13696.6 | H101: 14232.1 | I101: 22078.1 | J101: 27153.9 | K101: 27875.8 | L101: 31135.2 | M101: 34335.8 | N101: 38492.5 | O101: 33463.5 | P101: 31658.9 | Q101: 50477.9 | R101: 52830.619 | S101: 82527.399 | T101: 110181.98 | U101: 247162.04 | V101: 266353.3 | W101: 253095.4 | X101: 268243.9 | Y101: 331502.2 | Z101: 303062
A102: Магаданская область | B102: 1077.4 | C102: 1347.8 | D102: 1785.9 | E102: 1929.8 | F102: 1800.5 | G102: 2358.7 | H102: 3078.4 | I102: 3458.5 | J102: 5288.1 | K102: 5653.1 | L102: 6992.7 | M102: 8946.3 | N102: 12716.2 | O102: 19480.2 | P102: 19155.6 | Q102: 19995.3 | R102: 14666.427 | S102: 14139.854 | T102: 14697.512 | U102: 22426.38 | V102: 26967.3 | W102: 26005.9 | X102: 33247.8 | Y102: 42399.1 | Z102: 38130.7
A103: Сахалинская область | B103: 4141.6 | C103: 5056.9 | D103: 8156.7 | E103: 17030.5 | F103: 26549 | G103: 57702.9 | H103: 73093.8 | I103: 80372.2 | J103: 74916.1 | K103: 49282.6 | L103: 55726 | M103: 77047.7 | N103: 77259.9 | O103: 75081.9 | P103: 71836.5 | Q103: 78574.1 | R103: 86085.657 | S103: 69539.532 | T103: 70895.259 | U103: 78412.969 | V103: 87389.7 | W103: 95407.1 | X103: 132738.1 | Y103: 128791.8 | Z103: 130360.1
A104: Еврейская автономная область | B104: 501.1 | C104: 720.6 | D104: 951.2 | E104: 1482.7 | F104: 2381.6 | G104: 4301.5 | H104: 3992.6 | I104: 6796.4 | J104: 4273.4 | K104: 4834 | L104: 11617.7 | M104: 12052 | N104: 9696.4 | O104: 8967.2 | P104: 6546 | Q104: 5014.9 | R104: 4868.738 | S104: 9968.3989 | T104: 11440.721 | U104: 10418.934 | V104: 11580.4 | W104: 13569.5 | X104: 16105.6 | Y104: 24469.8 | Z104: 26268.3
A105: Чукотский автономный округ | B105: 153.2 | C105: 284.7 | D105: 874.5 | E105: 1322.4 | F105: 1506.1 | G105: 2044.6 | H105: 1332.8 | I105: 2200.4 | J105: 1825.7 | K105: 1130.6 | L105: 1548.4 | M105: 2000.4 | N105: 2487.7 | O105: 1162.6 | P105: 871.8 | Q105: 3224.5 | R105: 4279.306 | S105: 3857.1512 | T105: 5772.577 | U105: 9572.172 | V105: 8240.4 | W105: 13061.2 | X105: 11814.5 | Y105: 32282.5 | Z105: 22272.1
A106: ____________________________________
A107: 1) 2024 г. - сводные итоги по Российской Федерации включают уточнение на федеральном уровне объема работ, не наблюдаемых прямыми статистическими методами без распредления по субъектам Российской Федерации.

Sheet 14.2.1.
A2: Социально-экономические показатели по субъектам Российской Федерации
A3: 14. СТРОИТЕЛЬСТВО
A4: СТРОИТЕЛЬНАЯ ДЕЯТЕЛЬНОСТЬ
A5: 14.2. ВВОД В ДЕЙСТВИЕ ЗДАНИЙ ЖИЛОГО И НЕЖИЛОГО НАЗНАЧЕНИЯ
A6: 14.2.1. Число зданий
B7: 2000 | C7: 2001 | D7: 2002 | E7: 2003 | F7: 2004 | G7: 2005 | H7: 2006 | I7: 2007 | J7: 2008 | K7: 2009 | L7: 2010 | M7: 2011 | N7: 2012 | O7: 2013 | P7: 2014 | Q7: 2015 | R7: 2016 | S7: 2017 | T7: 2018 | U7: 2019 | V7: 2020 | W7: 2021 | X7: 2022 | Y7: 2023 | Z7: 2024
A8: Российская Федерация | B8: 119750 | C8: 124976 | D8: 130789 | E8: 132494 | F8: 132014 | G8: 141619 | H8: 159033 | I8: 209893 | J8: 224634 | K8: 233319 | L8: 216540 | M8: 227242 | N8: 241424 | O8: 258119 | P8: 304194 | Q8: 306391 | R8: 278295 | S8: 272615 | T8: 261132 | U8: 305492 | V8: 326703 | W8: 403112 | X8: 434062 | Y8: 465458 | Z8: 496721
A9: Центральный федеральный округ | B9: 25795 | C9: 25704 | D9: 27375 | E9: 29199 | F9: 30975 | G9: 32968 | H9: 34443 | I9: 47477 | J9: 46872 | K9: 50131 | L9: 46174 | M9: 48836 | N9: 50411 | O9: 53498 | P9: 58180 | Q9: 72299 | R9: 64967 | S9: 69872 | T9: 69381 | U9: 81254 | V9: 87816 | W9: 107897 | X9: 123811 | Y9: 120867 | Z9: 118695
A10: Белгородская область | B10: 2983 | C10: 3200 | D10: 2807 | E10: 2964 | F10: 3184 | G10: 3804 | H10: 5097 | I10: 5951 | J10: 6172 | K10: 6800 | L10: 6937 | M10: 7778 | N10: 8494 | O10: 7961 | P10: 8773 | Q10: 10183 | R10: 9537 | S10: 8656 | T10: 8183 | U10: 9028 | V10: 7455 | W10: 8549 | X10: 5658 | Y10: 5449 | Z10: 5556
A11: Брянская область | B11: 850 | C11: 1224 | D11: 1096 | E11: 882 | F11: 879 | G11: 877 | H11: 842 | I11: 1050 | J11: 860 | K11: 933 | L11: 1021 | M11: 1018 | N11: 1048 | O11: 1968 | P11: 1658 | Q11: 1892 | R11: 975 | S11: 724 | T11: 725 | U11: 1168 | V11: 1436 | W11: 2095 | X11: 1776 | Y11: 1703 | Z11: 2133
A12: Владимирская область | B12: 1013 | C12: 1011 | D12: 1128 | E12: 1182 | F12: 1294 | G12: 1323 | H12: 1355 | I12: 1785 | J12: 1942 | K12: 2037 | L12: 2275 | M12: 1992 | N12: 2421 | O12: 2066 | P12: 2427 | Q12: 2658 | R12: 2545 | S12: 3114 | T12: 2529 | U12: 3355 | V12: 2985 | W12: 5000 | X12: 4711 | Y12: 5016 | Z12: 5553
A13: Воронежская область | B13: 1815 | C13: 2029 | D13: 2297 | E13: 1902 | F13: 1694 | G13: 1583 | H13: 1513 | I13: 1797 | J13: 2210 | K13: 2515 | L13: 2508 | M13: 2623 | N13: 2984 | O13: 3725 | P13: 3772 | Q13: 3401 | R13: 3241 | S13: 3999 | T13: 4975 | U13: 5182 | V13: 5531 | W13: 7735 | X13: 6813 | Y13: 7008 | Z13: 9339
A14: Ивановская область | B14: 337 | C14: 348 | D14: 404 | E14: 371 | F14: 417 | G14: 341 | H14: 389 | I14: 411 | J14: 492 | K14: 584 | L14: 507 | M14: 669 | N14: 631 | O14: 616 | P14: 615 | Q14: 535 | R14: 317 | S14: 835 | T14: 940 | U14: 1186 | V14: 1368 | W14: 1953 | X14: 1492 | Y14: 1835 | Z14: 1876
A15: Калужская область | B15: 716 | C15: 900 | D15: 918 | E15: 1201 | F15: 1168 | G15: 1390 | H15: 1332 | I15: 2100 | J15: 3764 | K15: 2828 | L15: 2742 | M15: 3043 | N15: 2838 | O15: 3310 | P15: 4214 | Q15: 3593 | R15: 3349 | S15: 3860 | T15: 3334 | U15: 3832 | V15: 5298 | W15: 4968 | X15: 5214 | Y15: 6392 | Z15: 5991
A16: Костромская область | B16: 389 | C16: 461 | D16: 438 | E16: 461 | F16: 497 | G16: 576 | H16: 439 | I16: 605 | J16: 688 | K16: 769 | L16: 582 | M16: 573 | N16: 612 | O16: 1527 | P16: 1650 | Q16: 1470 | R16: 1742 | S16: 1105 | T16: 1019 | U16: 1116 | V16: 1013 | W16: 1426 | X16: 1437 | Y16: 1509 | Z16: 1706
A17: Курская область | B17: 630 | C17: 664 | D17: 656 | E17: 683 | F17: 876 | G17: 756 | H17: 599 | I17: 688 | J17: 896 | K17: 861 | L17: 701 | M17: 894 | N17: 1279 | O17: 1627 | P17: 1493 | Q17: 1972 | R17: 2009 | S17: 1995 | T17: 2539 | U17: 2760 | V17: 2891 | W17: 2780 | X17: 2693 | Y17: 2740 | Z17: 3160
A18: Липецкая область | B18: 1329 | C18: 1520 | D18: 1273 | E18: 1276 | F18: 1388 | G18: 1535 | H18: 2149 | I18: 2723 | J18: 2404 | K18: 2553 | L18: 2655 | M18: 2332 | N18: 2726 | O18: 2973 | P18: 3301 | Q18: 3118 | R18: 3558 | S18: 4795 | T18: 4089 | U18: 5454 | V18: 7066 | W18: 6297 | X18: 3445 | Y18: 3770 | Z18: 3665
A19: Московская область | B19: 8719 | C19: 7279 | D19: 8456 | E19: 10092 | F19: 11524 | G19: 12645 | H19: 12215 | I19: 19994 | J19: 17569 | K19: 19167 | L19: 16351 | M19: 15707 | N19: 14080 | O19: 10825 | P19: 11445 | Q19: 22627 | R19: 18919 | S19: 22452 | T19: 22918 | U19: 25505 | V19: 32160 | W19: 42044 | X19: 64694 | Y19: 56426 | Z19: 51014
... A31: Архангельская область | B31: 452 | C31: 539 | D31: 587 | E31: 586 | F31: 502 | G31: 627 | H31: 588 | I31: 1065 | J31: 1468 | K31: 1593 | L31: 1466 | M31: 1786 | N31: 1832 | O31: 1460 | P31: 1777 | Q31: 1726 | R31: 1717 | S31: 1634 | T31: 1599 | U31: 1419 | V31: 1818 | W31: 1982 | X31: 2082 | Y31: 1948 | Z31: 1902
A32: в том числе:
A33: Ненецкий автономный округ | B33: 43 | C33: 26 | D33: 29 | E33: 31 | F33: 14 | G33: 77 | H33: 100 | I33: 91 | J33: 179 | K33: 112 | L33: 126 | M33: 133 | N33: 130 | O33: 124 | P33: 104 | Q33: 98 | R33: 121 | S33: 115 | T33: 87 | U33: 63 | V33: 94 | W33: 87 | X33: 152 | Y33: 158 | Z33: 121
A34: Архангельская область без автономного округа | B34: 409 | C34: =C31-C33 -> 513 | D34: =D31-D33 -> 558 | E34: =E31-E33 -> 555 | F34: 488 | G34: 550 | H34: 488 | I34: 974 | J34: 1289 | K34: 1481 | L34: 1340 | M34: 1653 | N34: 1702 | O34: 1336 | P34: 1673 | Q34: 1628 | R34: 1596 | S34: 1519 | T34: 1512 | U34: 1356 | V34: 1724 | W34: 1895 | X34: 1930 | Y34: 1790 | Z34: 1781
A35: Вологодская область | B35: 961 | C35: 1051 | D35: 1110 | E35: 1034 | F35: 1046 | G35: 1230 | H35: 1105 | I35: 1765 | J35: 2090 | K35: 2121 | L35: 1905 | M35: 2053 | N35: 1857 | O35: 4779 | P35: 6527 | Q35: 6182 | R35: 3849 | S35: 2172 | T35: 2560 | U35: 3142 | V35: 2488 | W35: 3486 | X35: 3623 | Y35: 4199 | Z35: 4176
A36: Калининградская область | B36: 334 | C36: 352 | D36: 403 | E36: 550 | F36: 500 | G36: 553 | H36: 573 | I36: 1352 | J36: 1380 | K36: 1063 | L36: 720 | M36: 789 | N36: 842 | O36: 1370 | P36: 3109 | Q36: 2773 | R36: 2494 | S36: 1744 | T36: 1722 | U36: 2140 | V36: 3043 | W36: 4164 | X36: 4367 | Y36: 4384 | Z36: 4964
A37: Ленинградская область | B37: 1966 | C37: 2053 | D37: 2382 | E37: 2776 | F37: 2751 | G37: 3136 | H37: 3061 | I37: 5109 | J37: 5261 | K37: 5826 | L37: 4285 | M37: 4794 | N37: 5269 | O37: 4647 | P37: 6989 | Q37: 6794 | R37: 5462 | S37: 5856 | T37: 6737 | U37: 10317 | V37: 13279 | W37: 17403 | X37: 19390 | Y37: 19274 | Z37: 21384
A38: Мурманская область | B38: 108 | C38: 294 | D38: 127 | E38: 133 | F38: 147 | G38: 186 | H38: 108 | I38: 191 | J38: 142 | K38: 116 | L38: 74 | M38: 168 | N38: 97 | O38: 96 | P38: 169 | Q38: 175 | R38: 213 | S38: 240 | T38: 334 | U38: 434 | V38: 364 | W38: 454 | X38: 492 | Y38: 535 | Z38: 626
A39: Новгородская область | B39: 725 | C39: 703 | D39: 779 | E39: 754 | F39: 859 | G39: 796 | H39: 756 | I39: 948 | J39: 1144 | K39: 1566 | L39: 1693 | M39: 1604 | N39: 1962 | O39: 1709 | P39: 1994 | Q39: 1999 | R39: 1596 | S39: 1220 | T39: 1430 | U39: 1762 | V39: 1723 | W39: 2015 | X39: 2078 | Y39: 2517 | Z39: 2067
A40: Псковская область | B40: 436 | C40: 433 | D40: 501 | E40: 487 | F40: 499 | G40: 482 | H40: 417 | I40: 615 | J40: 665 | K40: 890 | L40: 647 | M40: 649 | N40: 972 | O40: 996 | P40: 1955 | Q40: 1757 | R40: 1436 | S40: 1106 | T40: 1047 | U40: 2205 | V40: 1689 | W40: 2250 | X40: 1760 | Y40: 2084 | Z40: 2105
A41: г. Санкт-Петербург | B41: 425 | C41: 628 | D41: 576 | E41: 769 | F41: 590 | G41: 631 | H41: 590 | I41: 1381 | J41: 1495 | K41: 1873 | L41: 1044 | M41: 952 | N41: 888 | O41: 1296 | P41: 2334 | Q41: 1871 | R41: 1631 | S41: 1317 | T41: 2189 | U41: 1887 | V41: 1488 | W41: 1702 | X41: 1642 | Y41: 1559 | Z41: 1213
A42: Южный федеральный округ | B42: 19334 | C42: 20381 | D42: 22696 | E42: 19359 | F42: 19394 | G42: 20120 | H42: 23966 | I42: 32762 | J42: 34493 | K42: 34258 | L42: 31336 | M42: 33124 | N42: 35893 | O42: 35862 | P42: 40952 | Q42: 39302 | R42: 35093 | S42: 36618 | T42: 34643 | U42: 42342 | V42: 44510 | W42: 57126 | X42: 64690 | Y42: 71417 | Z42: 69257
A43: Республика Адыгея | B43: 487 | C43: 525 | D43: 1149 | E43: 606 | F43: 347 | G43: 393 | H43: 299 | I43: 302 | J43: 493 | K43: 878 | L43: 837 | M43: 800 | N43: 689 | O43: 693 | P43: 1198 | Q43: 1033 | R43: 1076 | S43: 961 | T43: 756 | U43: 1082 | V43: 1268 | W43: 1619 | X43: 2381 | Y43: 3030 | Z43: 2887
A44: Республика Калмыкия | B44: 240 | C44: 524 | D44: 432 | E44: 402 | F44: 342 | G44: 303 | H44: 472 | I44: 747 | J44: 539 | K44: 589 | L44: 507 | M44: 538 | N44: 429 | O44: 462 | P44: 474 | Q44: 439 | R44: 248 | S44: 570 | T44: 579 | U44: 666 | V44: 573 | W44: 906 | X44: 899 | Y44: 877 | Z44: 907
A45: Республика Крым | P45: 1548 | Q45: 723 | R45: 475 | S45: 3842 | T45: 2666 | U45: 4118 | V45: 4624 | W45: 3598 | X45: 5166 | Y45: 7119 | Z45: 8178
A46: Краснодарский край | B46: 8558 | C46: 8925 | D46: 10644 | E46: 8720 | F46: 9236 | G46: 9476 | H46: 11823 | I46: 17725 | J46: 18453 | K46: 17084 | L46: 14631 | M46: 15129 | N46: 15618 | O46: 16748 | P46: 17918 | Q46: 16151 | R46: 14636 | S46: 13688 | T46: 14640 | U46: 17202 | V46: 18225 | W46: 28892 | X46: 35891 | Y46: 36968 | Z46: 32704
A47: Астраханская область | B47: 1861 | C47: 2297 | D47: 1973 | E47: 1822 | F47: 1721 | G47: 2365 | H47: 2979 | I47: 2011 | J47: 1357 | K47: 1505 | L47: 1729 | M47: 2322 | N47: 2846 | O47: 2354 | P47: 2792 | Q47: 3139 | R47: 3716 | S47: 2519 | T47: 2179 | U47: 2219 | V47: 2729 | W47: 3558 | X47: 3439 | Y47: 3903 | Z47: 3766
A48: Волгоградская область | B48: 1859 | C48: 1925 | D48: 1954 | E48: 1816 | F48: 1581 | G48: 1376 | H48: 1809 | I48: 3269 | J48: 3497 | K48: 3372 | L48: 2720 | M48: 2856 | N48: 4538 | O48: 3912 | P48: 5549 | Q48: 3798 | R48: 3064 | S48: 2822 | T48: 2483 | U48: 3235 | V48: 2976 | W48: 3402 | X48: 3753 | Y48: 3826 | Z48: 4535
A49: Ростовская область | B49: 6329 | C49: 6185 | D49: 6544 | E49: 5993 | F49: 6167 | G49: 6207 | H49: 6584 | I49: 8708 | J49: 10154 | K49: 10830 | L49: 10912 | M49: 11479 | N49: 11773 | O49: 11693 | P49: 11403 | Q49: 13984 | R49: 11824 | S49: 11858 | T49: 10104 | U49: 10407 | V49: 10286 | W49: 11596 | X49: 9975 | Y49: 12479 | Z49: 14024
A50: г. Севастополь | P50: 70 | Q50: 35 | R50: 54 | S50: 358 | T50: 1236 | U50: 3413 | V50: 3829 | W50: 3555 | X50: 3186 | Y50: 3215 | Z50: 2256
A51: Северо-Кавказский федеральный округ | B51: 10189 | C51: 11758 | D51: 11111 | E51: 11710 | F51: 11208 | G51: 11567 | H51: 11445 | I51: 14785 | J51: 14548 | K51: 14846 | L51: 15760 | M51: 15026 | N51: 19647 | O51: 18699 | P51: 28869 | Q51: 26025 | R51: 25838 | S51: 21931 | T51: 15264 | U51: 16608 | V51: 17740 | W51: 24033 | X51: 28873 | Y51: 35929 | Z51: 43522
A52: Республика Дагестан | B52: 3385 | C52: 4815 | D52: 3727 | E52: 4633 | F52: 4572 | G52: 4493 | H52: 4601 | I52: 5260 | J52: 5420 | K52: 6800 | L52: 7509 | M52: 7133 | N52: 8253 | O52: 6987 | P52: 7896 | Q52: 9108 | R52: 9362 | S52: 7892 | T52: 3598 | U52: 3655 | V52: 3096 | W52: 3213 | X52: 3427 | Y52: 7657 | Z52: 12477
A53: Республика Ингушетия | B53: 126 | C53: 243 | D53: 155 | E53: 206 | F53: 139 | G53: 284 | H53: 297 | I53: 1743 | J53: 442 | K53: 298 | L53: 939 | M53: 616 | N53: 492 | O53: 527 | P53: 1381 | Q53: 1001 | R53: 1329 | S53: 1176 | T53: 1067 | U53: 842 | V53: 690 | W53: 546 | X53: 574 | Y53: 763 | Z53: 755
A54: Кабардино-Балкарская Республика | B54: 1099 | C54: 1341 | D54: 1418 | E54: 1281 | F54: 1238 | G54: 1503 | H54: 1302 | I54: 1334 | J54: 1545 | K54: 1633 | L54: 1654 | M54: 1523 | N54: 1564 | O54: 1815 | P54: 2038 | Q54: 2458 | R54: 2007 | S54: 2125 | T54: 2342 | U54: 2313 | V54: 3422 | W54: 3458 | X54: 2316 | Y54: 2365 | Z54: 2922
A55: Карачаево-Черкесская Республика | B55: 340 | C55: 471 | D55: 399 | E55: 495 | F55: 380 | G55: 365 | H55: 422 | I55: 441 | J55: 555 | K55: 361 | L55: 424 | M55: 412 | N55: 367 | O55: 504 | P55: 721 | Q55: 1011 | R55: 717 | S55: 467 | T55: 588 | U55: 933 | V55: 797 | W55: 1614 | X55: 1563 | Y55: 1802 | Z55: 1982
A56: Республика Северная Осетия - Алания | B56: 856 | C56: 935 | D56: 1070 | E56: 827 | F56: 648 | G56: 728 | H56: 585 | I56: 732 | J56: 649 | K56: 661 | L56: 842 | M56: 650 | N56: 675 | O56: 398 | P56: 361 | Q56: 406 | R56: 394 | S56: 547 | T56: 491 | U56: 748 | V56: 888 | W56: 2121 | X56: 1644 | Y56: 1730 | Z56: 1996
A57: Чеченская Республика | B57: - | C57: - | D57: - | E57: - | F57: - | G57: 452 | H57: 441 | I57: 450 | J57: 525 | K57: 644 | L57: 668 | M57: 799 | N57: 2684 | O57: 2720 | P57: 10252 | Q57: 6899 | R57: 7615 | S57: 6342 | T57: 3253 | U57: 3089 | V57: 3732 | W57: 5618 | X57: 11628 | Y57: 12756 | Z57: 14590
A58: Ставропольский край | B58: 4383 | C58: 3953 | D58: 4342 | E58: 4268 | F58: 4231 | G58: 3742 | H58: 3797 | I58: 4825 | J58: 5412 | K58: 4449 | L58: 3724 | M58: 3893 | N58: 5612 | O58: 5748 | P58: 6220 | Q58: 5142 | R58: 4414 | S58: 3382 | T58: 3925 | U58: 5028 | V58: 5115 | W58: 7463 | X58: 7721 | Y58: 8856 | Z58: 8800
A59: Приволжский федеральный округ | B59: 33363 | C59: 34461 | D59: 35721 | E59: 34346 | F59: 34612 | G59: 37711 | H59: 43063 | I59: 53000 | J59: 62225 | K59: 66496 | L59: 62348 | M59: 64819 | N59: 66010 | O59: 71348 | P59: 72871 | Q59: 69169 | R59: 68921 | S59: 67348 | T59: 64582 | U59: 68978 | V59: 72558 | W59: 87361 | X59: 90754 | Y59: 94300 | Z59: 110679
A60: Республика Башкортостан | B60: 9255 | C60: 9677 | D60: 9340 | E60: 9358 | F60: 9636 | G60: 10133 | H60: 10759 | I60: 11486 | J60: 16528 | K60: 17946 | L60: 14401 | M60: 14605 | N60: 15379 | O60: 15724 | P60: 15974 | Q60: 14907 | R60: 18054 | S60: 17698 | T60: 13789 | U60: 13605 | V60: 14507 | W60: 16725 | X60: 16846 | Y60: 18539 | Z60: 20833
A61: Республика Марий Эл | B61: 911 | C61: 803 | D61: 890 | E61: 859 | F61: 936 | G61: 1065 | H61: 1442 | I61: 1888 | J61: 1891 | K61: 1976 | L61: 1954 | M61: 1918 | N61: 1924 | O61: 2038 | P61: 1943 | Q61: 1822 | R61: 1576 | S61: 1241 | T61: 1180 | U61: 1481 | V61: 1285 | W61: 1447 | X61: 2067 | Y61: 2159 | Z61: 2452
A62: Республика Мордовия | B62: 1040 | C62: 1075 | D62: 854 | E62: 867 | F62: 823 | G62: 819 | H62: 990 | I62: 1195 | J62: 1230 | K62: 1119 | L62: 1324 | M62: 1186 | N62: 1214 | O62: 1295 | P62: 1295 | Q62: 1283 | R62: 1262 | S62: 1139 | T62: 1148 | U62: 1478 | V62: 1401 | W62: 1586 | X62: 1628 | Y62: 1392 | Z62: 1855
A63: Республика Татарстан | B63: 5838 | C63: 5353 | D63: 5617 | E63: 5023 | F63: 4499 | G63: 5534 | H63: 7166 | I63: 7554 | J63: 8437 | K63: 7144 | L63: 8218 | M63: 8595 | N63: 9745 | O63: 11839 | P63: 10499 | Q63: 10645 | R63: 9852 | S63: 9717 | T63: 9769 | U63: 9849 | V63: 12081 | W63: 16212 | X63: 16396 | Y63: 13922 | Z63: 18291
A64: Удмуртская Республика | B64: 1713 | C64: 1809 | D64: 1953 | E64: 2173 | F64: 2227 | G64: 2315 | H64: 2409 | I64: 2765 | J64: 3041 | K64: 3426 | L64: 2747 | M64: 3070 | N64: 2798 | O64: 2512 | P64: 2642 | Q64: 3116 | R64: 3064 | S64: 3007 | T64: 3203 | U64: 4167 | V64: 4108 | W64: 4274 | X64: 7066 | Y64: 7881 | Z64: 8465
A65: Чувашская Республика | B65: 2741 | C65: 2899 | D65: 3400 | E65: 3106 | F65: 2984 | G65: 3226 | H65: 3479 | I65: 4580 | J65: 4751 | K65: 4025 | L65: 3987 | M65: 3978 | N65: 3561 | O65: 3352 | P65: 3126 | Q65: 2412 | R65: 1756 | S65: 1624 | T65: 1426 | U65: 1502 | V65: 1466 | W65: 3416 | X65: 4301 | Y65: 2797 | Z65: 3078
A66: Пермский край | B66: 1343 | C66: 1629 | D66: 1876 | E66: 1828 | F66: 1997 | G66: 2243 | H66: 2518 | I66: 3576 | J66: 3990 | K66: 4182 | L66: 3359 | M66: 3169 | N66: 3654 | O66: 5055 | P66: 5675 | Q66: 5101 | R66: 3701 | S66: 4676 | T66: 4582 | U66: 6147 | V66: 5539 | W66: 6464 | X66: 9798 | Y66: 10690 | Z66: 10522
A67: Кировская область | B67: 1094 | C67: 1094 | D67: 971 | E67: 881 | F67: 1037 | G67: 1166 | H67: 1418 | I67: 2115 | J67: 2115 | K67: 1920 | L67: 1529 | M67: 1515 | N67: 1658 | O67: 1657 | P67: 2790 | Q67: 2763 | R67: 2169 | S67: 1999 | T67: 2173 | U67: 2150 | V67: 1970 | W67: 2542 | X67: 2770 | Y67: 3146 | Z67: 3762
A68: Нижегородская область | B68: 1889 | C68: 1840 | D68: 1822 | E68: 2142 | F68: 2324 | G68: 2449 | H68: 2399 | I68: 2927 | J68: 6048 | K68: 10954 | L68: 11240 | M68: 11497 | N68: 9713 | O68: 8383 | P68: 7383 | Q68: 5654 | R68: 6906 | S68: 5375 | T68: 5967 | U68: 6034 | V68: 6301 | W68: 8912 | X68: 7801 | Y68: 7883 | Z68: 9951
A69: Оренбургская область | B69: 1910 | C69: 2561 | D69: 2873 | E69: 2982 | F69: 2998 | G69: 3398 | H69: 3593 | I69: 3702 | J69: 3374 | K69: 3159 | L69: 2829 | M69: 4103 | N69: 3459 | O69: 4310 | P69: 5311 | Q69: 4372 | R69: 3360 | S69: 3233 | T69: 3644 | U69: 3711 | V69: 3924 | W69: 5639 | X69: 4735 | Y69: 6176 | Z69: 7448
... A77: Тюменская область | B77: 2722 | C77: 3254 | D77: 3543 | E77: 3302 | F77: 3333 | G77: 3204 | H77: 4252 | I77: 5432 | J77: 6170 | K77: 6408 | L77: 5884 | M77: 6514 | N77: 5384 | O77: 8216 | P77: 8991 | Q77: 9886 | R77: 7499 | S77: 8539 | T77: 6469 | U77: 7645 | V77: 12122 | W77: 12068 | X77: 11037 | Y77: 14900 | Z77: 13707
A78: в том числе:
A79: Ханты-Мансийский автономный округ – Югра | B79: 1116 | C79: 1510 | D79: 1420 | E79: 1380 | F79: 1364 | G79: 1069 | H79: 1359 | I79: 2091 | J79: 1890 | K79: 2141 | L79: 1696 | M79: 1526 | N79: 1880 | O79: 1992 | P79: 2077 | Q79: 1648 | R79: 1376 | S79: 1313 | T79: 1418 | U79: 2573 | V79: 5353 | W79: 4188 | X79: 2777 | Y79: 4549 | Z79: 3460
A80: Ямало-Ненецкий автономный округ | B80: 236 | C80: 347 | D80: 378 | E80: 387 | F80: 329 | G80: 343 | H80: 430 | I80: 607 | J80: 614 | K80: 455 | L80: 366 | M80: 481 | N80: 491 | O80: 511 | P80: 469 | Q80: 487 | R80: 479 | S80: 545 | T80: 546 | U80: 583 | V80: 631 | W80: 601 | X80: 751 | Y80: 691 | Z80: 998
A81: Тюменская область без автономных округов | B81: 1370 | C81: 1397 | D81: =D77-D79-D80 -> 1745 | E81: 1535 | F81: 1640 | G81: 1792 | H81: 2463 | I81: 2734 | J81: 3666 | K81: 3812 | L81: 3822 | M81: 4507 | N81: 3013 | O81: 5713 | P81: 6445 | Q81: 7751 | R81: 5644 | S81: 6681 | T81: 4505 | U81: 4489 | V81: 6138 | W81: 7279 | X81: 7509 | Y81: 9660 | Z81: 9249
A82: Челябинская область | B82: 1667 | C82: 1773 | D82: 1929 | E82: 1928 | F82: 2136 | G82: 2875 | H82: 3193 | I82: 4716 | J82: 5762 | K82: 5785 | L82: 3964 | M82: 3382 | N82: 3727 | O82: 4596 | P82: 7063 | Q82: 7404 | R82: 4392 | S82: 4393 | T82: 5212 | U82: 5634 | V82: 5707 | W82: 7977 | X82: 8322 | Y82: 9394 | Z82: 10190
A83: Сибирский федеральный округ | B83: 10336 | C83: 10595 | D83: 11263 | E83: 14090 | F83: 12937 | G83: 14597 | H83: 19282 | I83: 22711 | J83: 23933 | K83: =SUM(K84:K93) -> 22570 | L83: 21961 | M83: 24661 | N83: 26609 | O83: 28515 | P83: 35634 | Q83: 34765 | R83: 29021 | S83: 26703 | T83: 26596 | U83: 33699 | V83: 34606 | W83: 40502 | X83: 36577 | Y83: 42255 | Z83: 48414
A84: Республика Алтай | B84: 287 | C84: 238 | D84: 298 | E84: 311 | F84: 437 | G84: 527 | H84: 597 | I84: 709 | J84: 609 | K84: 659 | L84: 737 | M84: 899 | N84: 658 | O84: 842 | P84: 966 | Q84: 1271 | R84: 1312 | S84: 1446 | T84: 1324 | U84: 1149 | V84: 1161 | W84: 1894 | X84: 1863 | Y84: 1969 | Z84: 2549
A85: Республика Тыва | B85: 188 | C85: 156 | D85: 139 | E85: 258 | F85: 152 | G85: 162 | H85: 332 | I85: 423 | J85: 572 | K85: 507 | L85: 548 | M85: 602 | N85: 566 | O85: 844 | P85: 990 | Q85: 1280 | R85: 918 | S85: 950 | T85: 859 | U85: 974 | V85: 1157 | W85: 1448 | X85: 1556 | Y85: 1555 | Z85: 3034
A86: Республика Хакасия | B86: 335 | C86: 291 | D86: 383 | E86: 330 | F86: 404 | G86: 435 | H86: 519 | I86: 669 | J86: 590 | K86: 722 | L86: 553 | M86: 537 | N86: 660 | O86: 766 | P86: 1235 | Q86: 2012 | R86: 752 | S86: 827 | T86: 949 | U86: 1160 | V86: 1075 | W86: 1773 | X86: 1471 | Y86: 1855 | Z86: 1789
A87: Алтайский край | B87: 2804 | C87: 2839 | D87: 2689 | E87: 2637 | F87: 2339 | G87: 2486 | H87: 2646 | I87: 3391 | J87: 3456 | K87: 3223 | L87: 3352 | M87: 3272 | N87: 3937 | O87: 3654 | P87: 3781 | Q87: 3141 | R87: 2418 | S87: 2292 | T87: 2909 | U87: 3007 | V87: 3084 | W87: 3735 | X87: 3740 | Y87: 4546 | Z87: 5032
A88: Красноярский край | B88: 1252 | C88: 1261 | D88: 1312 | E88: 1680 | F88: 1615 | G88: 1454 | H88: 1906 | I88: 2832 | J88: 3078 | K88: 2933 | L88: 2526 | M88: 2507 | N88: 3011 | O88: 3360 | P88: 4964 | Q88: 4949 | R88: 3564 | S88: 3108 | T88: 3079 | U88: 8759 | V88: 6530 | W88: 5707 | X88: 4861 | Y88: 5864 | Z88: 6001
A89: Иркутская область | B89: 794 | C89: 848 | D89: 932 | E89: 908 | F89: 1090 | G89: 1033 | H89: 1290 | I89: 1677 | J89: 2135 | K89: 1745 | L89: 1592 | M89: 2655 | N89: 2574 | O89: 3573 | P89: 3132 | Q89: 3029 | R89: 3800 | S89: 3917 | T89: 5883 | U89: 6099 | V89: 6450 | W89: 8413 | X89: 7444 | Y89: 8577 | Z89: 9957
A90: Кемеровская область | B90: 1833 | C90: 2147 | D90: 2832 | E90: 2809 | F90: 3356 | G90: 4244 | H90: 4359 | I90: 5175 | J90: 4931 | K90: 5415 | L90: 5093 | M90: 5401 | N90: 7311 | O90: 6894 | P90: 7290 | Q90: 7270 | R90: 6336 | S90: 6239 | T90: 4072 | U90: 4181 | V90: 5906 | W90: 5894 | X90: 3673 | Y90: 4999 | Z90: 5492
A91: Новосибирская область | B91: 1275 | C91: 1599 | D91: 1464 | E91: 3552 | F91: 1522 | G91: 1554 | H91: 3569 | I91: 2876 | J91: 3400 | K91: 3100 | L91: 2791 | M91: 3567 | N91: 3881 | O91: 4496 | P91: 8659 | Q91: 7165 | R91: 6217 | S91: 4942 | T91: 4571 | U91: 4291 | V91: 4721 | W91: 5867 | X91: 6754 | Y91: 7256 | Z91: 7711
A92: Омская область | B92: 929 | C92: 685 | D92: 636 | E92: 994 | F92: 1317 | G92: 2083 | H92: 3156 | I92: 3970 | J92: 4155 | K92: 3125 | L92: 3442 | M92: 4259 | N92: 2930 | O92: 2646 | P92: 2221 | Q92: 2209 | R92: 1740 | S92: 1320 | T92: 1369 | U92: 2301 | V92: 1865 | W92: 2982 | X92: 3192 | Y92: 3398 | Z92: 4337
A93: Томская область | B93: 639 | C93: 531 | D93: 578 | E93: 611 | F93: 705 | G93: 619 | H93: 908 | I93: 989 | J93: 1007 | K93: 1141 | L93: 1327 | M93: 962 | N93: 1081 | O93: 1440 | P93: 2396 | Q93: 2439 | R93: 1964 | S93: 1662 | T93: 1581 | U93: 1778 | V93: 2657 | W93: 2789 | X93: 2023 | Y93: 2236 | Z93: 2512
A94: Дальневосточный федеральный округ | B94: 6211 | C94: 6895 | D94: 6385 | E94: 6907 | F94: 6223 | G94: 6326 | H94: 6919 | I94: 8754 | J94: 8547 | K94: =SUM(K95:K105) -> 9249 | L94: 8842 | M94: 10548 | N94: 11658 | O94: 12560 | P94: 14634 | Q94: 12567 | R94: 14023 | S94: 12396 | T94: 11287 | U94: 14314 | V94: 13196 | W94: 16625 | X94: 19849 | Y94: 22155 | Z94: 24835
A95: Республика Бурятия | B95: 1474 | C95: 1822 | D95: 1923 | E95: 1916 | F95: 1681 | G95: 1659 | H95: 1770 | I95: 2497 | J95: 2508 | K95: 2251 | L95: 2713 | M95: 3178 | N95: 3397 | O95: 3670 | P95: 3226 | Q95: 2647 | R95: 2499 | S95: 2134 | T95: 1770 | U95: 2557 | V95: 2489 | W95: 2364 | X95: 2590 | Y95: 3026 | Z95: 3179
A96: Республика Саха (Якутия) | B96: 2315 | C96: 2781 | D96: 1841 | E96: 2238 | F96: 1572 | G96: 1972 | H96: 1910 | I96: 2044 | J96: 1787 | K96: 1864 | L96: 1793 | M96: 2282 | N96: 2340 | O96: 2382 | P96: 2639 | Q96: 2672 | R96: 2879 | S96: 2517 | T96: 2583 | U96: 3127 | V96: 3028 | W96: 4015 | X96: 4823 | Y96: 4951 | Z96: 4931
A97: Забайкальский край | B97: 479 | C97: 444 | D97: 413 | E97: 546 | F97: 629 | G97: 758 | H97: 1028 | I97: 1352 | J97: 1233 | K97: 1312 | L97: 1129 | M97: 1407 | N97: 1250 | O97: 1440 | P97: 1790 | Q97: 1353 | R97: 3120 | S97: 2172 | T97: 1444 | U97: 1907 | V97: 1474 | W97: 1507 | X97: 2028 | Y97: 2759 | Z97: 3102
A98: Камчатский край | B98: 55 | C98: 34 | D98: 82 | E98: 89 | F98: 78 | G98: 45 | H98: 73 | I98: 88 | J98: 105 | K98: 82 | L98: 72 | M98: 87 | N98: 216 | O98: 155 | P98: 263 | Q98: 275 | R98: 287 | S98: 277 | T98: 268 | U98: 259 | V98: 438 | W98: 475 | X98: 474 | Y98: 566 | Z98: 651
A99: Приморский край | B99: 660 | C99: 723 | D99: 800 | E99: 778 | F99: 788 | G99: 825 | H99: 1021 | I99: 1230 | J99: 1288 | K99: 1595 | L99: 1215 | M99: 1261 | N99: 1500 | O99: 1669 | P99: 2659 | Q99: 1945 | R99: 1628 | S99: 1837 | T99: 1916 | U99: 2298 | V99: 2109 | W99: 3192 | X99: 4140 | Y99: 4416 | Z99: 5690
A100: Хабаровский край | B100: 349 | C100: 335 | D100: 358 | E100: 310 | F100: 404 | G100: 362 | H100: 350 | I100: 492 | J100: 462 | K100: 790 | L100: 581 | M100: 810 | N100: 1072 | O100: 946 | P100: 1648 | Q100: 1508 | R100: 1472 | S100: 1310 | T100: 1344 | U100: 1247 | V100: 1161 | W100: 1314 | X100: 1777 | Y100: 2333 | Z100: 1949
A101: Амурская область | B101: 481 | C101: 434 | D101: 434 | E101: 393 | F101: 310 | G101: 349 | H101: 365 | I101: 458 | J101: 408 | K101: 410 | L101: 463 | M101: 643 | N101: 831 | O101: 726 | P101: 807 | Q101: 640 | R101: 417 | S101: 415 | T101: 407 | U101: 696 | V101: 635 | W101: 1135 | X101: 1464 | Y101: 1932 | Z101: 2194
A102: Магаданская область | B102: 11 | C102: 26 | D102: 25 | E102: 34 | F102: 13 | G102: 9 | H102: 21 | I102: 43 | J102: 76 | K102: 88 | L102: 103 | M102: 114 | N102: 60 | O102: 58 | P102: 32 | Q102: 58 | R102: 81 | S102: 85 | T102: 71 | U102: 75 | V102: 71 | W102: 51 | X102: 56 | Y102: 62 | Z102: 59
A103: Сахалинская область | B103: 339 | C103: 226 | D103: 281 | E103: 192 | F103: 222 | G103: 202 | H103: 231 | I103: 327 | J103: 437 | K103: 607 | L103: 539 | M103: 527 | N103: 720 | O103: 944 | P103: 973 | Q103: 1031 | R103: 1163 | S103: 1384 | T103: 1199 | U103: 1808 | V103: 1572 | W103: 2196 | X103: 2224 | Y103: 1883 | Z103: 2723
A104: Еврейская автономная область | B104: 41 | C104: 57 | D104: 89 | E104: 93 | F104: 129 | G104: 115 | H104: 116 | I104: 180 | J104: 230 | K104: 238 | L104: 225 | M104: 227 | N104: 261 | O104: 561 | P104: 589 | Q104: 431 | R104: 472 | S104: 242 | T104: 272 | U104: 313 | V104: 203 | W104: 363 | X104: 246 | Y104: 185 | Z104: 273
A105: Чукотский автономный округ | B105: 7 | C105: 13 | D105: 139 | E105: 318 | F105: 397 | G105: 30 | H105: 34 | I105: 43 | J105: 13 | K105: 12 | L105: 9 | M105: 12 | N105: 11 | O105: 9 | P105: 8 | Q105: 7 | R105: 5 | S105: 23 | T105: 13 | U105: 27 | V105: 16 | W105: 13 | X105: 27 | Y105: 42 | Z105: 84

Sheet 14.2.2.
A2: Социально-экономические показатели по субъектам Российской Федерации
A3: 14. СТРОИТЕЛЬСТВО
A4: СТРОИТЕЛЬНАЯ ДЕЯТЕЛЬНОСТЬ
A5: 14.2. ВВОД В ДЕЙСТВИЕ ЗДАНИЙ ЖИЛОГО И НЕЖИЛОГО НАЗНАЧЕНИЯ
A6: 14.2.2. Общая площадь зданий
A7: (тысяч квадратных метров)
B8: 2000 | C8: 2001 | D8: 2002 | E8: 2003 | F8: 2004 | G8: 2005 | H8: 2006 | I8: 2007 | J8: 2008 | K8: 2009 | L8: 2010 | M8: 2011 | N8: 2012 | O8: 2013 | P8: 2014 | Q8: 2015 | R8: 2016 | S8: 2017 | T8: 2018 | U8: 2019 | V8: 2020 | W8: 2021 | X8: 2022 | Y8: 2023 | Z8: 2024
A9: Российская Федерация | B9: 44673.6 | C9: 47650.5 | D9: 49589.4 | E9: 53715.4 | F9: 59949.5 | G9: 66289.1 | H9: 75553.7 | I9: 98068.6 | J9: 102516.7 | K9: 95056.5 | L9: 91454.1 | M9: 98982.5 | N9: 110376.7 | O9: 117785 | P9: 138614.2 | Q9: 139436.5 | R9: 135849.9 | S9: 137355.6 | T9: 132721.4 | U9: 146745.4 | V9: 143409.7 | W9: 148409.8 | X9: 160189.6 | Y9: 175042.2 | Z9: 170780.7
A10: Центральный федеральный округ | B10: 14298.9 | C10: 15293.9 | D10: 17216.7 | E10: 18643.6 | F10: 22257.9 | G10: 23020.7 | H10: 26054.5 | I10: 32862.6 | J10: 31934.2 | K10: 30386.5 | L10: 27105.1 | M10: 27866.2 | N10: 32329.7 | O10: 36639.8 | P10: 43204.3 | Q10: 42783.3 | R10: 44823.9 | S10: 45752.2 | T10: 42589.9 | U10: 48036.7 | V10: 47252.2 | W10: 51157.7 | X10: 53392.4 | Y10: 54630.5 | Z10: 50599.5
A11: Белгородская область | B11: 988.1 | C11: 899.7 | D11: 1119 | E11: 971 | F11: 1310 | G11: 1406.5 | H11: 1905.2 | I11: 2360.6 | J11: 2718.2 | K11: 2978.5 | L11: 2023.5 | M11: 1710.1 | N11: 2540.4 | O11: 2432 | P11: 2245.9 | Q11: 2307.5 | R11: 2638.8 | S11: 2468.6 | T11: 2089.9 | U11: 2036.2 | V11: 1669.1 | W11: 1452.5 | X11: 1211.7 | Y11: 1220.7 | Z11: 1094.4
A12: Брянская область | B12: 359.8 | C12: 334.3 | D12: 324.2 | E12: 298.5 | F12: 368.8 | G12: 266.1 | H12: 329.3 | I12: 406 | J12: 458.6 | K12: 520.9 | L12: 550.9 | M12: 740.8 | N12: 715.2 | O12: 916.9 | P12: 922 | Q12: 1146.7 | R12: 1114.2 | S12: 986.9 | T12: 728.7 | U12: 699.3 | V12: 1154.5 | W12: 1115.2 | X12: 1574.7 | Y12: 852.4 | Z12: 1015.5
A13: Владимирская область | B13: 380.5 | C13: 325 | D13: 356.2 | E13: 374.6 | F13: 420.5 | G13: 431.1 | H13: 570.1 | I13: 514.4 | J13: 677.6 | K13: 694.1 | L13: 679.3 | M13: 582.5 | N13: 739 | O13: 761 | P13: 920.1 | Q13: 900.7 | R13: 1067.7 | S13: 958.3 | T13: 965.8 | U13: 1112 | V13: 983.2 | W13: 1159.4 | X13: 1572.9 | Y13: 1477.5 | Z13: 1399.2
A14: Воронежская область | B14: 834.5 | C14: 822.1 | D14: 848.1 | E14: 1041.9 | F14: 910 | G14: 1056.6 | H14: 1125.9 | I14: 1482.1 | J14: 1704.9 | K14: 1392.4 | L14: 1568.4 | M14: 1568.6 | N14: 1786.6 | O14: 2156.5 | P14: 2629.7 | Q14: 2675.1 | R14: 2665.5 | S14: 3019.1 | T14: 2937.7 | U14: 2945.2 | V14: 3006 | W14: 2955.8 | X14: 3174.8 | Y14: 3353.7 | Z14: 3190.7
A15: Ивановская область | B15: 157.2 | C15: 107.2 | D15: 129.2 | E15: 183.9 | F15: 161.4 | G15: 153.4 | H15: 275.6 | I15: 221.6 | J15: 285.3 | K15: 411.9 | L15: 266.9 | M15: 384.4 | N15: 374.2 | O15: 489.5 | P15: 516.7 | Q15: 434.1 | R15: 345.2 | S15: 558.5 | T15: 546.5 | U15: 550.2 | V15: 612.5 | W15: 483.1 | X15: 631.7 | Y15: 692.2 | Z15: 674
A16: Калужская область | B16: 242.4 | C16: 287.6 | D16: 285.8 | E16: 398.4 | F16: 339.2 | G16: 415.4 | H16: 466.6 | I16: 765.9 | J16: 1010.1 | K16: 800.2 | L16: 1065.6 | M16: 960.2 | N16: 959.1 | O16: 948.1 | P16: 1372.8 | Q16: 1686.6 | R16: 1536.3 | S16: 1696.4 | T16: 1513.9 | U16: 1803.7 | V16: 1446.1 | W16: 1408 | X16: 1354 | Y16: 1656.8 | Z16: 1382.9
A17: Костромская область | B17: 203.4 | C17: 235.5 | D17: 162 | E17: 176.4 | F17: 210.5 | G17: 214.7 | H17: 321.7 | I17: 235 | J17: 228.1 | K17: 259.1 | L17: 248.4 | M17: 249.2 | N17: 249.6 | O17: 310.5 | P17: 418.7 | Q17: 469.9 | R17: 450.1 | S17: 405.2 | T17: 266.9 | U17: 313.1 | V17: 350.7 | W17: 458.8 | X17: 530.6 | Y17: 464.9 | Z17: 431.1
A18: Курская область | B18: 225.4 | C18: 281.6 | D18: 266.5 | E18: 388.4 | F18: 396.5 | G18: 538 | H18: 565.4 | I18: 667.3 | J18: 787.3 | K18: 794.9 | L18: 655.4 | M18: 827.5 | N18: 1275.7 | O18: 1130.4 | P18: 1395.4 | Q18: 1030.4 | R18: 1638.5 | S18: 1279.5 | T18: 1295 | U18: 1448.8 | V18: 1356.8 | W18: 2043.9 | X18: 917.6 | Y18: 1150.5 | Z18: 1076.8
A19: Липецкая область | B19: 461.7 | C19: 569 | D19: 450.2 | E19: 465.9 | F19: 640.9 | G19: 659.9 | H19: 984.8 | I19: 954.5 | J19: 1011.6 | K19: 954.2 | L19: 1032.8 | M19: 897.9 | N19: 1186.3 | O19: 1226.5 | P19: 1279 | Q19: 1678.1 | R19: 1718.2 | S19: 2041.1 | T19: 1378.4 | U19: 1908 | V19: 2200.5 | W19: 1897.5 | X19: 1128.5 | Y19: 1027.1 | Z19: 1250.5
A20: Московская область | B20: 3365.5 | C20: 3822 | D20: 4611.5 | E20: 5347.7 | F20: 7871.4 | G20: 7027.2 | H20: 8657.3 | I20: 12265 | J20: 12119.2 | K20: 11858.1 | L20: 11177.8 | M20: 11325.4 | N20: 9700.8 | O20: 11528.4 | P20: 16525.7 | Q20: 14421 | R20: 16686.2 | S20: 16461.9 | T20: 15465.5 | U20: 15751.9 | V20: 15924.7 | W20: 14823 | X20: 20910.3 | Y20: 19724.2 | Z20: 17952.5
... A32: Архангельская область | B32: 145.9 | C32: 152.7 | D32: 179.1 | E32: 178.6 | F32: 306.2 | G32: 199.8 | H32: 271 | I32: 396.3 | J32: 521.6 | K32: 404 | L32: 509.5 | M32: 463 | N32: 506.4 | O32: 599.8 | P32: 616.2 | Q32: 757.5 | R32: 644 | S32: 644.3 | T32: 617.3 | U32: 572.6 | V32: 552.2 | W32: 659.7 | X32: 724.2 | Y32: 668.9 | Z32: 681.8
A33: в том числе:
A34: Ненецкий автономный округ | B34: 31.4 | C34: 18 | D34: 12.3 | E34: 20.9 | F34: 6 | G34: 50.2 | H34: 43 | I34: 65.2 | J34: 121.4 | K34: 84.5 | L34: 92.5 | M34: 40.8 | N34: 51.6 | O34: 53.7 | P34: 50.2 | Q34: 59.5 | R34: 30 | S34: 57.9 | T34: 20.1 | U34: 13 | V34: 49.7 | W34: 28.2 | X34: 46.8 | Y34: 23.6 | Z34: 34.6
A35: Архангельская область без автономного округа | B35: 114.5 | C35: =C32-C34 -> 134.7 | D35: =D32-D34 -> 166.8 | E35: 157.7 | F35: 300.2 | G35: 149.6 | H35: 228 | I35: 331.1 | J35: 400.2 | K35: 319.5 | L35: 417 | M35: 422.2 | N35: 454.8 | O35: 546.1 | P35: 565.9 | Q35: 698 | R35: 614 | S35: 586.4 | T35: 597.2 | U35: 559.6 | V35: 502.5 | W35: 631.4 | X35: 677.4 | Y35: 645.3 | Z35: 647.2
A36: Вологодская область | B36: 357.4 | C36: 437.2 | D36: 356.9 | E36: 389.5 | F36: 337.6 | G36: 466.3 | H36: 579.5 | I36: 750 | J36: 830.8 | K36: 683.6 | L36: 628.4 | M36: 614.1 | N36: 565.1 | O36: 873.1 | P36: 1047.6 | Q36: 1088.4 | R36: 1029.4 | S36: 710.8 | T36: 778.7 | U36: 906.3 | V36: 682.7 | W36: 988.1 | X36: 962.5 | Y36: 1062.7 | Z36: 1109.7
A37: Калининградская область | B37: 234.6 | C37: 230.2 | D37: 271.4 | E37: 351.5 | F37: 396.3 | G37: 492.2 | H37: 696.6 | I37: 1011.7 | J37: 1064.6 | K37: 840.7 | L37: 753.9 | M37: 793.7 | N37: 857.5 | O37: 1038.4 | P37: 1412.1 | Q37: 1632.3 | R37: 1593.9 | S37: 1412 | T37: 1841.5 | U37: 1785.6 | V37: 2057.2 | W37: 1740 | X37: 1856.3 | Y37: 1765.1 | Z37: 1868.5
A38: Ленинградская область | B38: 596.5 | C38: 582 | D38: 741.2 | E38: 685.4 | F38: 769.7 | G38: 851.7 | H38: 1298.8 | I38: 1807.4 | J38: 1419.2 | K38: 1500.8 | L38: 1449.1 | M38: 1672.7 | N38: 2190.2 | O38: 2138.3 | P38: 3081.9 | Q38: 3467.7 | R38: 3374 | S38: 4489.1 | T38: 4841.7 | U38: 5078.8 | V38: 4808.1 | W38: 4659.1 | X38: 5547.8 | Y38: 6067.5 | Z38: 5589.4
A39: Мурманская область | B39: 122.8 | C39: 104.8 | D39: 56 | E39: 56.9 | F39: 49.7 | G39: 53.7 | H39: 70 | I39: 71.2 | J39: 90.7 | K39: 67.6 | L39: 89.8 | M39: 89.5 | N39: 66.7 | O39: 108.4 | P39: 128.9 | Q39: 190.1 | R39: 148 | S39: 787.5 | T39: 120.4 | U39: 172.3 | V39: 88.9 | W39: 162.1 | X39: 357.9 | Y39: 92.5 | Z39: 118
A40: Новгородская область | B40: 151.2 | C40: 142.6 | D40: 132.5 | E40: 144.9 | F40: 233.6 | G40: 157.6 | H40: 270.1 | I40: 296.5 | J40: 342.7 | K40: 422.5 | L40: 356.3 | M40: 438.7 | N40: 410.8 | O40: 460.4 | P40: 457.5 | Q40: 516.1 | R40: 502.8 | S40: 334.1 | T40: 406.6 | U40: 415.2 | V40: 412.4 | W40: 417.8 | X40: 437.6 | Y40: 520.6 | Z40: 531.8
A41: Псковская область | B41: 101.7 | C41: 111.4 | D41: 121.9 | E41: 150.3 | F41: 181.4 | G41: 138.6 | H41: 157.3 | I41: 175 | J41: 227.3 | K41: 314.8 | L41: 232 | M41: 313.9 | N41: 409.9 | O41: 328.2 | P41: 850.5 | Q41: 892.2 | R41: 649.8 | S41: 1677.6 | T41: 564.4 | U41: 829 | V41: 842.6 | W41: 599.2 | X41: 467.5 | Y41: 596.7 | Z41: 616.3
A42: г. Санкт-Петербург | B42: 1726.7 | C42: 1909.2 | D42: 1906.3 | E42: 2845.9 | F42: 3252.3 | G42: 3700.2 | H42: 4073.5 | I42: 5019.2 | J42: 6316 | K42: 4720.5 | L42: 5552.6 | M42: 5129.8 | N42: 4794 | O42: 5114.4 | P42: 6380.2 | Q42: 5411.6 | R42: 5794.8 | S42: 5182.3 | T42: 5963.4 | U42: 5776.7 | V42: 5484.9 | W42: 6741.7 | X42: 7691.4 | Y42: 7775 | Z42: 6932.6
A43: Южный федеральный округ | B43: 4421 | C43: 4493.4 | D43: 4757.3 | E43: 4989.3 | F43: 5772.4 | G43: 5981.2 | H43: 7698.1 | I43: 9847.7 | J43: 10563.2 | K43: 10013.7 | L43: 9481.8 | M43: 10781 | N43: 11658.4 | O43: 11261.2 | P43: 13813.9 | Q43: 13300.3 | R43: 13246.9 | S43: 13729.5 | T43: 14688.8 | U43: 17262.1 | V43: 16505.3 | W43: 17411.5 | X43: 19664 | Y43: 21772.6 | Z43: 20180.7
A44: Республика Адыгея | B44: 85.3 | C44: 102 | D44: 125.1 | E44: 82.4 | F44: 42.5 | G44: 92.8 | H44: 50.4 | I44: 75.5 | J44: 97.8 | K44: 232.1 | L44: 207.4 | M44: 234.6 | N44: 306.3 | O44: 218.7 | P44: 472.5 | Q44: 506.8 | R44: 422.2 | S44: 450.2 | T44: 306.6 | U44: 414 | V44: 382.5 | W44: 407.2 | X44: 640 | Y44: 755.4 | Z44: 748
A45: Республика Калмыкия | B45: 38.5 | C45: 90.6 | D45: 71 | E45: 62 | F45: 70.5 | G45: 62.2 | H45: 77 | I45: 114.3 | J45: 97.6 | K45: 96.8 | L45: 128.4 | M45: 129.5 | N45: 115.7 | O45: 162.2 | P45: 165.5 | Q45: 178 | R45: 89.2 | S45: 154.2 | T45: 128.5 | U45: 161.5 | V45: 134.1 | W45: 200.3 | X45: 172.2 | Y45: 189.9 | Z45: 177.4
A46: Республика Крым | P46: 890.5 | Q46: 321.4 | R46: 376 | S46: 1008 | T46: 1251.9 | U46: 1324.9 | V46: 1166.8 | W46: 1136.6 | X46: 1276.6 | Y46: 1800.1 | Z46: 1795.4
A47: Краснодарский край | B47: 1813 | C47: 1834.5 | D47: 2078.6 | E47: 2067.4 | F47: 2408.9 | G47: 2638.2 | H47: 3791 | I47: 4682.9 | J47: 5308.8 | K47: 4631.2 | L47: 4690.7 | M47: 5789.9 | N47: 6192.4 | O47: 5519.6 | P47: 6144.9 | Q47: 5876.9 | R47: 6223.9 | S47: 6173.9 | T47: 6721 | U47: 8355.9 | V47: 7947 | W47: 9001.3 | X47: 10850.9 | Y47: 11595 | Z47: 10357.8
A48: Астраханская область | B48: 572 | C48: 612.3 | D48: 648.2 | E48: 723.2 | F48: 715.7 | G48: 800.1 | H48: 796.4 | I48: 891.6 | J48: 504.4 | K48: 676.6 | L48: 765.6 | M48: 817.9 | N48: 671.4 | O48: 815.7 | P48: 800.5 | Q48: 776.4 | R48: 810.8 | S48: 738.7 | T48: 474.8 | U48: 491.3 | V48: 497 | W48: 675.8 | X48: 705 | Y48: 870.6 | Z48: 748.1
A49: Волгоградская область | B49: 557.5 | C49: 515.5 | D49: 533.2 | E49: 491.8 | F49: 597.1 | G49: 600.2 | H49: 797 | I49: 1010.9 | J49: 1263.8 | K49: 1128.8 | L49: 1058.7 | M49: 1025.1 | N49: 1392.1 | O49: 1387.8 | P49: 1660.5 | Q49: 1591.4 | R49: 1313.7 | S49: 1287.7 | T49: 1416.9 | U49: 1681.6 | V49: 1402.6 | W49: 1363.9 | X49: 1290 | Y49: 1582.3 | Z49: 1646
A50: Ростовская область | B50: 1354.7 | C50: 1338.5 | D50: 1301.2 | E50: 1562.5 | F50: 1937.7 | G50: 1787.7 | H50: 2186.3 | I50: 3072.5 | J50: 3290.8 | K50: 3248.2 | L50: 2631 | M50: 2783.9 | N50: 2980.4 | O50: 3157.2 | P50: 3327.2 | Q50: 3900.3 | R50: 3700.9 | S50: 3647.3 | T50: 4014.7 | U50: 4043.6 | V50: 4108.6 | W50: 3999 | X50: 4004.8 | Y50: 4306.9 | Z50: 4195.9
A51: г. Севастополь | P51: 352.3 | Q51: 149.1 | R51: 310.3 | S51: 269.6 | T51: 374.4 | U51: 789.3 | V51: 866.7 | W51: 627.3 | X51: 724.6 | Y51: 672.3 | Z51: 512.1
A52: Северо-Кавказский федеральный округ | B52: 2164.4 | C52: 2161.9 | D52: 2094.7 | E52: 2172.8 | F52: 2316.9 | G52: 3632 | H52: 2942.9 | I52: 3829.2 | J52: 3945.1 | K52: 4281.8 | L52: 4688.7 | M52: 4787.2 | N52: 6089.6 | O52: 5777.2 | P52: 7325.1 | Q52: 9992.3 | R52: 8493.4 | S52: 8309.4 | T52: 5768.9 | U52: 6770.4 | V52: 6697.1 | W52: 6856.2 | X52: 8274.6 | Y52: 10826.1 | Z52: 12372.7
A53: Республика Дагестан | B53: 746.9 | C53: 708 | D53: 624.4 | E53: 658.1 | F53: 664.7 | G53: 768.4 | H53: 883.5 | I53: 1000.9 | J53: 1117.2 | K53: 1350.5 | L53: 1264.1 | M53: 1315 | N53: 1871.3 | O53: 1727 | P53: 2093.5 | Q53: 4651.4 | R53: 2536.7 | S53: 2532.6 | T53: 1249.8 | U53: 1272.1 | V53: 1666.1 | W53: 1410.8 | X53: 1283.9 | Y53: 2074 | Z53: 3604.3
A54: Республика Ингушетия | B54: 25.1 | C54: 60.4 | D54: 32.4 | E54: 19.8 | F54: 17.8 | G54: 36.6 | H54: 24.5 | I54: 249.6 | J54: 84.5 | K54: 66.3 | L54: 195.9 | M54: 102.2 | N54: 129.6 | O54: 304 | P54: 438.9 | Q54: 409.9 | R54: 418.5 | S54: 512.5 | T54: 374.3 | U54: 353.7 | V54: 341.3 | W54: 188.7 | X54: 357.4 | Y54: 476.2 | Z54: 319
A55: Кабардино-Балкарская Республика | B55: 310.4 | C55: 280.6 | D55: 300.2 | E55: 290.4 | F55: 287.1 | G55: 1409 | H55: 281.2 | I55: 297.5 | J55: 374.2 | K55: 327.6 | L55: 433.4 | M55: 338.7 | N55: 321.7 | O55: 345.1 | P55: 401.1 | Q55: 445.7 | R55: 528.1 | S55: 561.3 | T55: 533.5 | U55: 612.3 | V55: 610.2 | W55: 622.6 | X55: 668 | Y55: 794.8 | Z55: 840.2
A56: Карачаево-Черкесская Республика | B56: 62.7 | C56: 111.2 | D56: 87.8 | E56: 93.6 | F56: 81.8 | G56: 90.3 | H56: 125.9 | I56: 142.6 | J56: 196.4 | K56: 129.1 | L56: 131.2 | M56: 139.8 | N56: 180.3 | O56: 199.3 | P56: 244.1 | Q56: 347 | R56: 273.6 | S56: 291.7 | T56: 291.1 | U56: 426.7 | V56: 270.2 | W56: 363.7 | X56: 431.6 | Y56: 579 | Z56: 542
A57: Республика Северная Осетия - Алания | B57: 186 | C57: 199.4 | D57: 249 | E57: 176.6 | F57: 174.3 | G57: 218.7 | H57: 224.6 | I57: 249.8 | J57: 261.6 | K57: 308.8 | L57: 354.2 | M57: 280.2 | N57: 282.1 | O57: 308 | P57: 300.3 | Q57: 302.9 | R57: 318 | S57: 366.3 | T57: 366.7 | U57: 405.3 | V57: 433.5 | W57: 457.7 | X57: 498.6 | Y57: 746.1 | Z57: 732
A58: Чеченская Республика | B58: - | C58: - | D58: - | E58: - | F58: - | G58: 47.9 | H58: 111.8 | I58: 149 | J58: 125.7 | K58: 286.9 | L58: 392.6 | M58: 545.6 | N58: 986.5 | O58: 700.4 | P58: 1455.4 | Q58: 1433.5 | R58: 1314.8 | S58: 1775.9 | T58: 1008.3 | U58: 1296.3 | V58: 1065.7 | W58: 1796.5 | X58: 2715.5 | Y58: 2901.5 | Z58: 3202.8
A59: Ставропольский край | B59: 833.3 | C59: 802.3 | D59: 800.9 | E59: 934.3 | F59: 1091.2 | G59: 1061.1 | H59: 1291.4 | I59: 1739.8 | J59: 1785.5 | K59: 1812.6 | L59: 1917.3 | M59: 2065.7 | N59: 2318.2 | O59: 2193.3 | P59: 2391.9 | Q59: 2402 | R59: 3103.6 | S59: 2269 | T59: 1945.2 | U59: 2404 | V59: 2310 | W59: 2016.2 | X59: 2319.6 | Y59: 3254.5 | Z59: 3132.4
A60: Приволжский федеральный округ | B60: 10371.8 | C60: 11462 | D60: 11028 | E60: 11250.5 | F60: 11865.3 | G60: 13445.8 | H60: 14868.1 | I60: 19498 | J60: 21611 | K60: 19311.2 | L60: 18783.8 | M60: 20743.3 | N60: 22171.4 | O60: 24166.9 | P60: 26521.5 | Q60: 27352.2 | R60: 25351.8 | S60: 25687.8 | T60: 26866.4 | U60: 27995.4 | V60: 26446.6 | W60: 26682.6 | X60: 28045.5 | Y60: 31053.7 | Z60: 30990.8
A61: Республика Башкортостан | B61: 1836.3 | C61: 2148.1 | D61: 2027 | E61: 1850.4 | F61: 2068.1 | G61: 2034.9 | H61: 2242.8 | I61: 2539.9 | J61: 4201.7 | K61: 2700.7 | L61: 2464.5 | M61: 2902.1 | N61: 2958.8 | O61: 3265.9 | P61: 3368.4 | Q61: 3879.1 | R61: 3506.4 | S61: 3221 | T61: 3002 | U61: 3588.3 | V61: 3177.1 | W61: 3763.6 | X61: 4269 | Y61: 4519.2 | Z61: 4556.2
A62: Республика Марий Эл | B62: 156.4 | C62: 209.9 | D62: 186.3 | E62: 211.6 | F62: 215.6 | G62: 451.8 | H62: 321.9 | I62: 490.3 | J62: 431 | K62: 397.4 | L62: 431.7 | M62: 506.9 | N62: 480.2 | O62: 694.9 | P62: 589.6 | Q62: 615.1 | R62: 578.7 | S62: 581.7 | T62: 681 | U62: 600.3 | V62: 710.4 | W62: 584.1 | X62: 709 | Y62: 851.2 | Z62: 811.5
A63: Республика Мордовия | B63: 270.1 | C63: 273.6 | D63: 221.8 | E63: 262.7 | F63: 228.7 | G63: 262.5 | H63: 330.6 | I63: 443.1 | J63: 503.8 | K63: 573.8 | L63: 498.9 | M63: 505.9 | N63: 590.5 | O63: 862.6 | P63: 638.3 | Q63: 691.9 | R63: 819.6 | S63: 611.6 | T63: 698.9 | U63: 897.1 | V63: 861.5 | W63: 695 | X63: 621.2 | Y63: 738.9 | Z63: 615
A64: Республика Татарстан | B64: 2119.2 | C64: 2250.5 | D64: 2207.7 | E64: 2452.9 | F64: 2387.3 | G64: 2521.9 | H64: 2701 | I64: 3450.4 | J64: 3404.6 | K64: 3480.2 | L64: 3894.6 | M64: 4025.3 | N64: 4184.5 | O64: 4558.8 | P64: 4464.6 | Q64: 4638.3 | R64: 4170.6 | S64: 4730.5 | T64: 4984.7 | U64: 5300.5 | V64: 5492.7 | W64: 5008.5 | X64: 5192.9 | Y64: 6006.1 | Z64: 5892.9
A65: Удмуртская Республика | B65: 415.8 | C65: 382.4 | D65: 585.3 | E65: 675.3 | F65: 467.6 | G65: 490.9 | H65: 617.1 | I65: 706.6 | J65: 676.6 | K65: 670.7 | L65: 629.9 | M65: 634.2 | N65: 649.8 | O65: 954.6 | P65: 929.1 | Q65: 932.8 | R65: 947 | S65: 902.5 | T65: 1194.1 | U65: 1237.4 | V65: 1258.2 | W65: 1262.9 | X65: 1641.4 | Y65: 1887 | Z65: 2035.5
A66: Чувашская Республика | B66: 704.6 | C66: 769.3 | D66: 781.8 | E66: 759.2 | F66: 873 | G66: 1015.7 | H66: 1188.7 | I66: 1458.6 | J66: 1215.8 | K66: 1329.6 | L66: 1244.4 | M66: 1171.6 | N66: 1141.2 | O66: 1169.1 | P66: 1147.3 | Q66: 1201.6 | R66: 1014.7 | S66: 1067.1 | T66: 970.8 | U66: 1261.9 | V66: 1160.5 | W66: 1075.3 | X66: 1093.4 | Y66: 1157.6 | Z66: 1352.4
A67: Пермский край | B67: 602.5 | C67: 761.1 | D67: 633.2 | E67: 617.9 | F67: 790.6 | G67: 975.6 | H67: 1120.4 | I67: 1304.7 | J67: 1334 | K67: 1093.1 | L67: 1244.9 | M67: 1256.8 | N67: 1373.6 | O67: 1562.6 | P67: 1742 | Q67: 1929.5 | R67: 1803.3 | S67: 2110.8 | T67: 1894.2 | U67: 1693.7 | V67: 2027.8 | W67: 2370.3 | X67: 2791.2 | Y67: 2862 | Z67: 2737
A68: Кировская область | B68: 363.8 | C68: 386.2 | D68: 334.8 | E68: 244.5 | F68: 357.8 | G68: 354 | H68: 419.9 | I68: 511.3 | J68: 634.3 | K68: 595 | L68: 739.3 | M68: 711.1 | N68: 768 | O68: 783 | P68: 1211.3 | Q68: 1255 | R68: 1261.7 | S68: 948.9 | T68: 1029.5 | U68: 951.9 | V68: 780 | W68: 764.4 | X68: 934 | Y68: 890.4 | Z68: 887.8
A69: Нижегородская область | B69: 853.8 | C69: 866.3 | D69: 772.2 | E69: 930.5 | F69: 1137.2 | G69: 1306.9 | H69: 1402.1 | I69: 2451.9 | J69: 2485.8 | K69: 2150.1 | L69: 2228.5 | M69: 2191 | N69: 2892.9 | O69: 2372.7 | P69: 2725.5 | Q69: 2421.6 | R69: 2143.6 | S69: 2341.5 | T69: 2857.1 | U69: 2627.7 | V69: 2576.4 | W69: 2592.1 | X69: 2637.1 | Y69: 3230.9 | Z69: 3016.3
A70: Оренбургская область | B70: 593 | C70: 672.2 | D70: 667 | E70: 696.7 | F70: 754.8 | G70: 827.2 | H70: 912.5 | I70: 1156.3 | J70: 1214.6 | K70: 1217 | L70: 1017 | M70: 1323.3 | N70: 1153.4 | O70: 1203.9 | P70: 1762.5 | Q70: 1809.7 | R70: 1543.7 | S70: 1444.3 | T70: 1450.7 | U70: 1524.9 | V70: 1351.5 | W70: 1450 | X70: 1320.6 | Y70: 1601 | Z70: 1646.5
... A78: Тюменская область | B78: 1680.5 | C78: 2263.7 | D78: 2200 | E78: 2260.9 | F78: 2154.6 | G78: 2313.3 | H78: 2649.1 | I78: 3378.4 | J78: 3374.1 | K78: 3047.3 | L78: 2936.4 | M78: 3632.9 | N78: 4214.4 | O78: 4849.6 | P78: 5444.2 | Q78: 5630.3 | R78: 4651.1 | S78: 4147 | T78: 3492.8 | U78: 4629.3 | V78: 4702.1 | W78: 4533 | X78: 5184 | Y78: 5913.4 | Z78: 5990.1
A79: в том числе:
A80: Ханты-Мансийский автономный округ –Югра | B80: 805.4 | C80: 1310.6 | D80: 1202 | E80: 1298.1 | F80: 1150.7 | G80: 1149.4 | H80: 1380.5 | I80: 1581.8 | J80: 1452.4 | K80: 1280.1 | L80: 1077.4 | M80: 1308 | N80: 1815.9 | O80: 1813.1 | P80: 1955 | Q80: 1687.5 | R80: 1504.6 | S80: 1240.9 | T80: 882.2 | U80: 1362 | V80: 1646.5 | W80: 1397.5 | X80: 1430.1 | Y80: 1399.2 | Z80: 1499.5
A81: Ямало-Ненецкий автономный округ | B81: 241.8 | C81: 289.8 | D81: 353.2 | E81: 277.4 | F81: 337.7 | G81: 390.3 | H81: 393.8 | I81: 526.5 | J81: 475.9 | K81: 362.9 | L81: 335.2 | M81: 320.5 | N81: 482.2 | O81: 504.1 | P81: 555.6 | Q81: 595.2 | R81: 462.4 | S81: 532.8 | T81: 418 | U81: 424.6 | V81: 432.4 | W81: 353.6 | X81: 446.8 | Y81: 637.2 | Z81: 633.2
A82: Тюменская область без автономных округов | B82: 633.3 | C82: 663.3 | D82: 644.8 | E82: 685.4 | F82: 666.2 | G82: 773.6 | H82: 874.8 | I82: 1270.1 | J82: 1445.8 | K82: 1404.3 | L82: 1523.8 | M82: 2004.4 | N82: 1916.3 | O82: 2532.4 | P82: 2933.5 | Q82: 3347.6 | R82: 2684.1 | S82: 2373.2 | T82: 2192.6 | U82: 2842.8 | V82: 2623.2 | W82: 2781.9 | X82: 3307.1 | Y82: 3877.1 | Z82: 3857.4
A83: Челябинская область | B83: 1064.8 | C83: 1301.7 | D83: 1088.3 | E83: 1100.2 | F83: 1146.9 | G83: 1377.4 | H83: 1690.7 | I83: 2180.7 | J83: 2859.2 | K83: 2090.3 | L83: 1820.2 | M83: 2443.6 | N83: 2692.8 | O83: 3335.7 | P83: 3714.9 | Q83: 3904.9 | R83: 2380.9 | S83: 2406.5 | T83: 3146.8 | U83: 2576.8 | V83: 2530.1 | W83: 2428.5 | X83: 2783.9 | Y83: 3035 | Z83: 2782.5
A84: Сибирский федеральный округ | B84: 4114.2 | C84: 3645 | D84: 3980.1 | E84: 4534.4 | F84: 5201 | G84: 5970.6 | H84: 7479.9 | I84: 10187 | J84: 10492.7 | K84: =SUM(K85:K94) -> 9536.5 | L84: 9584.8 | M84: 11081.6 | N84: 11344.1 | O84: 11911.8 | P84: 13603.2 | Q84: 14534.8 | R84: 13482.5 | S84: 12360.3 | T84: 11667.5 | U84: 13405.1 | V84: 13566.3 | W84: 12228.5 | X84: 13072.3 | Y84: 15342.5 | Z84: 15515.5
A85: Республика Алтай | B85: 46.4 | C85: 31.3 | D85: 104 | E85: 36.2 | F85: 52.2 | G85: 58 | H85: 65.9 | I85: 67.5 | J85: 80.8 | K85: 94.7 | L85: 127 | M85: 165.8 | N85: 160.7 | O85: 141.3 | P85: 172.2 | Q85: 209.1 | R85: 213.5 | S85: 187.1 | T85: 165.2 | U85: 177.1 | V85: 130.5 | W85: 220.8 | X85: 211.4 | Y85: 298.2 | Z85: 309.8
A86: Республика Тыва | B86: 46.9 | C86: 53.5 | D86: 36.7 | E86: 38.9 | F86: 25.3 | G86: 40.1 | H86: 39.5 | I86: 37.1 | J86: 50.1 | K86: 58.1 | L86: 61.4 | M86: 62.9 | N86: 66 | O86: 102.9 | P86: 105.9 | Q86: 172.4 | R86: 122.1 | S86: 172.5 | T86: 131.4 | U86: 175 | V86: 186.5 | W86: 138.4 | X86: 182.4 | Y86: 241.9 | Z86: 464.1
A87: Республика Хакасия | B87: 188.9 | C87: 123.3 | D87: 154.5 | E87: 151.9 | F87: 166 | G87: 143.4 | H87: 177.2 | I87: 422 | J87: 259.7 | K87: 254.3 | L87: 212.3 | M87: 195.6 | N87: 229.9 | O87: 337.3 | P87: 385.9 | Q87: 404.5 | R87: 380.2 | S87: 381.6 | T87: 299.8 | U87: 385.7 | V87: 481.5 | W87: 422.4 | X87: 449.4 | Y87: 516.2 | Z87: 545.1
A88: Алтайский край | B88: 597.2 | C88: 630.1 | D88: 569.1 | E88: 608.3 | F88: 478.3 | G88: 631.4 | H88: 586.1 | I88: 906.2 | J88: 1024.9 | K88: 1181.1 | L88: 1116.8 | M88: 1042.9 | N88: 1224.1 | O88: 1180.3 | P88: 1478.9 | Q88: 1474.8 | R88: 1483 | S88: 1033.7 | T88: 1298.5 | U88: 1234.9 | V88: 1340.5 | W88: 1358.9 | X88: 1391.7 | Y88: 1444.7 | Z88: 1416.7
A89: Красноярский край | B89: 700.5 | C89: 571.4 | D89: 654.3 | E89: 794.6 | F89: 990.9 | G89: 1182.2 | H89: 1285.4 | I89: 1618.7 | J89: 1712.4 | K89: 1312.4 | L89: 1543.8 | M89: 1600.7 | N89: 1890.3 | O89: 1939.9 | P89: 2041.2 | Q89: 2315.8 | R89: 2717.7 | S89: 2109.8 | T89: 2147.2 | U89: 3617.6 | V89: 2811 | W89: 2135.1 | X89: 2500.6 | Y89: 2598.2 | Z89: 2529.9
A90: Иркутская область | B90: 351 | C90: 283.7 | D90: 359.6 | E90: 366 | F90: 396 | G90: 430 | H90: 483.1 | I90: 815.7 | J90: 1067.7 | K90: 1066.1 | L90: 1025.3 | M90: 1175.8 | N90: 1363.1 | O90: 1430.6 | P90: 1191 | Q90: 1583.9 | R90: 1307.8 | S90: 1393.8 | T90: 1597 | U90: 1666.8 | V90: 1724.5 | W90: 1495.7 | X90: 1687.7 | Y90: 1986.8 | Z90: 2389.5
A91: Кемеровская область | B91: 554.7 | C91: 663.3 | D91: 799.5 | E91: 686.2 | F91: 787.4 | G91: 981.9 | H91: 1145.3 | I91: 1666.5 | J91: 1626.1 | K91: 1581.5 | L91: 1417.9 | M91: 1661 | N91: 1486.6 | O91: 1887.3 | P91: 1851.6 | Q91: 1733.1 | R91: 1489.5 | S91: 1497.9 | T91: 985.8 | U91: 1135.2 | V91: 1239.3 | W91: 1363.9 | X91: 1312.2 | Y91: 1234 | Z91: 1396.2
A92: Новосибирская область | B92: 730.1 | C92: 746.2 | D92: 687 | E92: 1025.9 | F92: 1181.9 | G92: 1131.1 | H92: 1930.5 | I92: 2426.1 | J92: 2584.5 | K92: 2429 | L92: 2447.3 | M92: 3338.4 | N92: 3114.7 | O92: 2904.3 | P92: 4124.8 | Q92: 4314.4 | R92: 3829.1 | S92: 4071.9 | T92: 3400.9 | U92: 3473.9 | V92: 4236 | W92: 3454.7 | X92: 3741.7 | Y92: 5091.6 | Z92: 4118.1
A93: Омская область | B93: 595.6 | C93: 283.5 | D93: 320.9 | E93: 459 | F93: 687.8 | G93: 978.7 | H93: 1233.8 | I93: 1694.6 | J93: 1335.1 | K93: 975.4 | L93: 1092.6 | M93: 1203 | N93: 1130.8 | O93: 1211.7 | P93: 1284.5 | Q93: 1313.2 | R93: 1241.1 | S93: 720.6 | T93: 891.7 | U93: 881.4 | V93: 871.3 | W93: 1001.7 | X93: 1085.1 | Y93: 1107.4 | Z93: 1497.9
A94: Томская область | B94: 302.9 | C94: 258.7 | D94: 294.5 | E94: 367.4 | F94: 435.2 | G94: 393.8 | H94: 533.1 | I94: 532.6 | J94: 751.4 | K94: 583.9 | L94: 540.4 | M94: 635.5 | N94: 677.9 | O94: 776.2 | P94: 967.2 | Q94: 1013.6 | R94: 698.5 | S94: 791.4 | T94: 750 | U94: 657.6 | V94: 545.2 | W94: 636.9 | X94: 509.9 | Y94: 823.5 | Z94: 848.3
A95: Дальневосточный федеральный округ | B95: 1543.7 | C95: 1663.5 | D95: 1837.6 | E95: 2166.1 | F95: 1894.5 | G95: 2042 | H95: 2284.2 | I95: 3079.6 | J95: 3110.1 | K95: =SUM(K96:K106) -> 3631.3 | L95: 3724.2 | M95: 4118.9 | N95: 5279 | O95: 4767.7 | P95: 5314.6 | Q95: 5023.3 | R95: 4551 | S95: 4674.8 | T95: 4200.8 | U95: 5050.9 | V95: 4671.9 | W95: 5121.8 | X95: 5797.9 | Y95: 7041.3 | Z95: 8047.9
A96: Республика Бурятия | B96: 201.6 | C96: 211.5 | D96: 263.5 | E96: 248.6 | F96: 258.2 | G96: 244.4 | H96: 284.5 | I96: 361.6 | J96: 397.9 | K96: 384 | L96: 389.4 | M96: 490.7 | N96: 509 | O96: 507.3 | P96: 752.2 | Q96: 671.9 | R96: 474.3 | S96: 418.3 | T96: 406.9 | U96: 415 | V96: 480.1 | W96: 401.2 | X96: 358.4 | Y96: 748.2 | Z96: 716.9
A97: Республика Саха (Якутия) | B97: 305 | C97: 438.3 | D97: 431 | E97: 575.8 | F97: 451.2 | G97: 418 | H97: 450.5 | I97: 569.6 | J97: 490.5 | K97: 524.7 | L97: 502.9 | M97: 505.1 | N97: 651.9 | O97: 654.6 | P97: 721.9 | Q97: 802.8 | R97: 879 | S97: 1033.7 | T97: 850.7 | U97: 915 | V97: 804.6 | W97: 818 | X97: 934.3 | Y97: 952.6 | Z97: 1115
A98: Забайкальский край | B98: 129.7 | C98: 172.3 | D98: 152.3 | E98: 176.7 | F98: 216.1 | G98: 221.8 | H98: 356.1 | I98: 458.8 | J98: 491.2 | K98: 515.9 | L98: 525.7 | M98: 415.1 | N98: 457.4 | O98: 527.6 | P98: 560.9 | Q98: 412 | R98: 407.3 | S98: 421.9 | T98: 239.7 | U98: 313.1 | V98: 291.2 | W98: 281.8 | X98: 387.4 | Y98: 558.8 | Z98: 601
A99: Камчатский край | B99: 30 | C99: 15.6 | D99: 27.5 | E99: 146.6 | F99: 37.5 | G99: 58.7 | H99: 46.9 | I99: 81.9 | J99: 82.9 | K99: 99.8 | L99: 116.2 | M99: 130.7 | N99: 149 | O99: 143.3 | P99: 202.5 | Q99: 161.9 | R99: 153.8 | S99: 136.3 | T99: 105 | U99: 129.4 | V99: 158.9 | W99: 145.1 | X99: 149.4 | Y99: 163.1 | Z99: 148.9
A100: Приморский край | B100: 265.1 | C100: 301 | D100: 263.8 | E100: 325.4 | F100: 306.2 | G100: 364.6 | H100: 425.4 | I100: 554.3 | J100: 479.6 | K100: 587.4 | L100: 738.4 | M100: 855.8 | N100: 1536.1 | O100: 1062.6 | P100: 1042.4 | Q100: 765 | R100: 718 | S100: 761.2 | T100: 1054.6 | U100: 1198.5 | V100: 1168.5 | W100: 1577 | X100: 1735.6 | Y100: 1965.3 | Z100: 2108.8
A101: Хабаровский край | B101: 274.7 | C101: 238.3 | D101: 371.4 | E101: 304.3 | F101: 320.3 | G101: 324.7 | H101: 310.5 | I101: 447.9 | J101: 450.9 | K101: 696.4 | L101: 623.1 | M101: 700.4 | N101: 829.6 | O101: 677.8 | P101: 789.4 | Q101: 919.7 | R101: 689.5 | S101: 712.6 | T101: 558.3 | U101: 743.1 | V101: 577.9 | W101: 617 | X101: 635.9 | Y101: 858.1 | Z101: 935.2
A102: Амурская область | B102: 209.9 | C102: 176 | D102: 201.8 | E102: 224.7 | F102: 159.3 | G102: 229.9 | H102: 224 | I102: 327.6 | J102: 300 | K102: 268.4 | L102: 280.7 | M102: 447.6 | N102: 475.8 | O102: 556.9 | P102: 489.5 | Q102: 532.1 | R102: 392.5 | S102: 318.3 | T102: 306.4 | U102: 457.6 | V102: 281 | W102: 403.2 | X102: 688.7 | Y102: 899.1 | Z102: 862.6
A103: Магаданская область | B103: 7.9 | C103: 24.3 | D103: 11 | E103: 14.9 | F103: 8 | G103: 10.6 | H103: 24.6 | I103: 22.4 | J103: 30.8 | K103: 40.9 | L103: 60.4 | M103: 52.3 | N103: 165.3 | O103: 45.1 | P103: 27.3 | Q103: 44.8 | R103: 51 | S103: 33.1 | T103: 17.1 | U103: 47.8 | V103: 48.2 | W103: 29.4 | X103: 52.1 | Y103: 62.8 | Z103: 682.1
A104: Сахалинская область | B104: 103.9 | C104: 54.3 | D104: 53.7 | E104: 72.8 | F104: 83.4 | G104: 83.5 | H104: 99.7 | I104: 170.7 | J104: 253.8 | K104: 391.2 | L104: 372.4 | M104: 399.6 | N104: 391.5 | O104: 483.1 | P104: 574.8 | Q104: 602.6 | R104: 630.4 | S104: 746.8 | T104: 619.4 | U104: 783.2 | V104: 826 | W104: 805.5 | X104: 814.2 | Y104: 781.6 | Z104: 797.1
A105: Еврейская автономная область | B105: 10.4 | C105: 13.3 | D105: 33.6 | E105: 31.6 | F105: 23.1 | G105: 24.5 | H105: 44.6 | I105: 72.3 | J105: 129.8 | K105: 110.9 | L105: 113 | M105: 117.1 | N105: 109.9 | O105: 102.3 | P105: 149.8 | Q105: 107.5 | R105: 152.2 | S105: 84.8 | T105: 37 | U105: 35.9 | V105: 26.6 | W105: 38.9 | X105: 34.5 | Y105: 41 | Z105: 63.5
A106: Чукотский автономный округ | B106: 5.5 | C106: 18.6 | D106: 28 | E106: 44.7 | F106: 31.2 | G106: 61.3 | H106: 17.4 | I106: 12.5 | J106: 2.7 | K106: 11.7 | L106: 2 | M106: 4.5 | N106: 3.5 | O106: 7.1 | P106: 3.9 | Q106: 3 | R106: 3 | S106: 7.8 | T106: 5.6 | U106: 12.4 | V106: 8.8 | W106: 4.8 | X106: 7.4 | Y106: 10.6 | Z106: 16.7

Sheet 14.3.1.
A2: Социально-экономические показатели по субъектам Российской Федерации
A3: 14. СТРОИТЕЛЬСТВО
A4: ЖИЛИЩНОЕ И СОЦИАЛЬНО-КУЛЬТУРНОЕ СТРОИТЕЛЬСТВО
A5: 14.3. ВВОД В ДЕЙСТВИЕ ЖИЛЫХ ДОМОВ
A6: 14.3.1. Всего
A7: (тысяч квадратных метров общей площади жилых помещений)
B8: 2000 | C8: 2001 | D8: 2002 | E8: 2003 | F8: 2004 | G8: 2005 | H8: 2006 | I8: 2007 | J8: 2008 | K8: 2009 | L8: 2010 | M8: 2011 | N8: 2012 | O8: 2013 | P8: 2014 | Q8: 2015 | R8: 2016 | S8: 2017 | T8: 2018 | U8: 2019 | V8: 2020 | W8: 2021 | X8: 2022 | Y8: 2023 | Z8: 2024
A9: Российская Федерация | B9: 30295.8 | C9: 31703.2 | D9: 33832.2 | E9: 36449.3 | F9: 41040.1 | G9: 43559.5 | H9: 50552.1 | I9: 61221.3 | J9: 64058.4 | K9: 59891.6 | L9: 58430.7 | M9: 62264.6 | N9: 65741.51 | O9: 70484.9 | P9: 84191.4 | Q9: 85349.6 | R9: 80240.1 | S9: 79223.9 | T9: 75657.7 | U9: 82041.8 | V9: 82184.5 | W9: 92560.374 | X9: 102712.69 | Y9: 110438.46 | Z9: 107767.53
A10: Центральный федеральный округ | B10: 10180.1 | C10: 10611.2 | D10: 11929.5 | E10: 13297.3 | F10: 15297.1 | G10: 15257.3 | H10: 17344.7 | I10: 19894 | J10: 19134.2 | K10: 18893.4 | L10: 17461.3 | M10: 18064 | N10: 18178.53 | O10: 20254.8 | P10: 24547.2 | Q10: 25550.3 | R10: 23982.2 | S10: 24284.9 | T10: 23434.5 | U10: 25741.5 | V10: 25533.3 | W10: 29198.47 | X10: 32877.606 | Y10: 32964.146 | Z10: 30271.317
A11: Белгородская область | B11: 703.7 | C11: 595.4 | D11: 663.1 | E11: 671.2 | F11: 807.4 | G11: 830.8 | H11: 938.8 | I11: 1064 | J11: 1112.2 | K11: 1097.3 | L11: 1100.4 | M11: 1148.2 | N11: 1215.15 | O11: 1294.6 | P11: 1469.2 | Q11: 1554.9 | R11: 1350.1 | S11: 1300.5 | T11: 1215.5 | U11: 1260.4 | V11: 1148.6 | W11: 1165.183 | X11: 840.6 | Y11: 959.23 | Z11: 853.199
A12: Брянская область | B12: 225.3 | C12: 236.9 | D12: 241.7 | E12: 221.8 | F12: 229 | G12: 197.6 | H12: 246.3 | I12: 298.5 | J12: 321.7 | K12: 352.9 | L12: 390.9 | M12: 421.4 | N12: 453.02 | O12: 526.8 | P12: 550.7 | Q12: 644.3 | R12: 665.1 | S12: 558.3 | T12: 403.1 | U12: 407.1 | V12: 426.7 | W12: 451.47 | X12: 485.889 | Y12: 568.643 | Z12: 609.601
A13: Владимирская область | B13: 280.6 | C13: 246 | D13: 253.3 | E13: 279.4 | F13: 324.3 | G13: 326.9 | H13: 341.3 | I13: 376 | J13: 419.4 | K13: 451 | L13: 480.9 | M13: 437.6 | N13: 507.79 | O13: 518.9 | P13: 606 | Q13: 646.7 | R13: 655.7 | S13: 695.4 | T13: 652.8 | U13: 745.4 | V13: 726.2 | W13: 828.749 | X13: 1183.086 | Y13: 1145.389 | Z13: 1027.537
A14: Воронежская область | B14: 568.7 | C14: 584.6 | D14: 652.8 | E14: 750.2 | F14: 702.5 | G14: 784.4 | H14: 854.3 | I14: 974.4 | J14: 1120.5 | K14: 887.7 | L14: 1049.7 | M14: 996.2 | N14: 1110.37 | O14: 1348.7 | P14: 1572.9 | Q14: 1626.9 | R14: 1679 | S14: 1687.3 | T14: 1691.1 | U14: 1878.9 | V14: 1725.8 | W14: 1864.05 | X14: 1921.815 | Y14: 2014.485 | Z14: 1932.505
A15: Ивановская область | B15: 105.5 | C15: 91.6 | D15: 98.7 | E15: 119.7 | F15: 90.1 | G15: 105.5 | H15: 179.4 | I15: 142 | J15: 170.8 | K15: 186.5 | L15: 190.7 | M15: 216.6 | N15: 221.86 | O15: 232 | P15: 252.6 | Q15: 260.2 | R15: 176.8 | S15: 339.8 | T15: 369.1 | U15: 330.6 | V15: 333.2 | W15: 362.568 | X15: 392.393 | Y15: 511.905 | Z15: 460.166
A16: Калужская область | B16: 178.4 | C16: 194 | D16: 198.2 | E16: 216.7 | F16: 214.8 | G16: 262.7 | H16: 264.9 | I16: 458.2 | J16: 631.5 | K16: 456.7 | L16: 500.7 | M16: 598.4 | N16: 612.78 | O16: 657.1 | P16: 807.8 | Q16: 796.1 | R16: 737.3 | S16: 882.3 | T16: 787.2 | U16: 794.7 | V16: 819.3 | W16: 862.047 | X16: 916.291 | Y16: 1118.674 | Z16: 969.633
A17: Костромская область | B17: 157.1 | C17: 185 | D17: 112.2 | E17: 105 | F17: 81.7 | G17: 116.7 | H17: 109.3 | I17: 140.4 | J17: 149 | K17: 180.4 | L17: 151.4 | M17: 156.4 | N17: 204.67 | O17: 228.2 | P17: 328.3 | Q17: 322.4 | R17: 309.2 | S17: 310.2 | T17: 196.9 | U17: 211.8 | V17: 258.5 | W17: 334.527 | X17: 337.581 | Y17: 360.43 | Z17: 318.75
A18: Курская область | B18: 175.7 | C18: 192.7 | D18: 191.6 | E18: 275.9 | F18: 285.6 | G18: 297.5 | H18: 326.7 | I18: 375.8 | J18: 447.1 | K18: 456.1 | L18: 381.2 | M18: 394.4 | N18: 426.19 | O18: 496.1 | P18: 560.8 | Q18: 567.3 | R18: 586.7 | S18: 590.5 | T18: 594.8 | U18: 553.8 | V18: 522.9 | W18: 565.557 | X18: 553.556 | Y18: 619.49 | Z18: 721.52
A19: Липецкая область | B19: 321.2 | C19: 385.9 | D19: 304 | E19: 347.5 | F19: 421.2 | G19: 508 | H19: 620.7 | I19: 705 | J19: 721.9 | K19: 731.5 | L19: 736.8 | M19: 761.7 | N19: 807.01 | O19: 858.1 | P19: 1009.2 | Q19: 1060.5 | R19: 1077.9 | S19: 1084.2 | T19: 903 | U19: 1253.9 | V19: 1231.8 | W19: 1235.228 | X19: 755.389 | Y19: 770.887 | Z19: 791.212
A20: Московская область | B20: 2610.9 | C20: 2827.8 | D20: 3414.8 | E20: 4114.8 | F20: 5720.1 | G20: 5296.5 | H20: 6484 | I20: 7805.2 | J20: 7881.2 | K20: 8452 | L20: 7939 | M20: 8244.2 | N20: 6619.88 | O20: 7406.5 | P20: 9944.8 | Q20: 9623.3 | R20: 8913.7 | S20: 9077.7 | T20: 8866.6 | U20: 8613.5 | V20: 9040.3 | W20: 9215.12 | X20: 14096.284 | Y20: 12485.698 | Z20: 11404.45
... A32: Архангельская область | B32: 77.8 | C32: 99.8 | D32: 106.7 | E32: 94.1 | F32: 105 | G32: 117.6 | H32: 193.2 | I32: 259.6 | J32: 346.8 | K32: 243.5 | L32: 288.2 | M32: 283.2 | N32: 302.8 | O32: 326.9 | P32: 356.1 | Q32: 393.8 | R32: 366 | S32: 422.8 | T32: 322.6 | U32: 332.2 | V32: 373.9 | W32: 440.343 | X32: 462.148 | Y32: 462.324 | Z32: 478.639
A33: в том числе:
A34: Ненецкий автономный округ | B34: 12.2 | C34: 11.9 | D34: 4.8 | E34: 9.5 | F34: 8.3 | G34: 32.6 | H34: 35 | I34: 36.7 | J34: 63.9 | K34: 42.6 | L34: 42.3 | M34: 30.4 | N34: 33.5 | O34: 34.7 | P34: 34.9 | Q34: 35.5 | R34: 23.5 | S34: 27.9 | T34: 18.5 | U34: 10.1 | V34: 22.1 | W34: 17.788 | X34: 35.713 | Y34: 22 | Z34: 25
A35: Архангельская область без автономного округа | B35: 65.6 | C35: 88 | D35: 102 | E35: 85 | F35: 97 | G35: 85 | H35: 158 | I35: 223 | J35: 283 | K35: 201 | L35: 245.9 | M35: 252.8 | N35: 269.3 | O35: 292.2 | P35: 321.2 | Q35: 358.3 | R35: 342.5 | S35: 394.9 | T35: 304 | U35: 322.1 | V35: 351.8 | W35: 422.555 | X35: 426.435 | Y35: 440.616 | Z35: 453.415
A36: Вологодская область | B36: 204.5 | C36: 239.4 | D36: 238.5 | E36: 247 | F36: 300.1 | G36: 293 | H36: 333.7 | I36: 488.7 | J36: 545.4 | K36: 489.9 | L36: 410 | M36: 434.4 | N36: 389.05 | O36: 575.5 | P36: 774.4 | Q36: 863.6 | R36: 774 | S36: 542.3 | T36: 535.5 | U36: 585.1 | V36: 500 | W36: 639.055 | X36: 648.001 | Y36: 746.028 | Z36: 682.685
A37: Калининградская область | B37: 171.8 | C37: 175.7 | D37: 198 | E37: 232.3 | F37: 245 | G37: 266 | H37: 501.8 | I37: 753.3 | J37: 800.6 | K37: 607.8 | L37: 524.6 | M37: 544.9 | N37: 581.91 | O37: 638.7 | P37: 1115.9 | Q37: 1207.2 | R37: 1208.6 | S37: 902.4 | T37: 916 | U37: 973 | V37: 1164 | W37: 1270.905 | X37: 1318.535 | Y37: 1216.738 | Z37: 1220.564
A38: Ленинградская область | B38: 391.5 | C38: 414.7 | D38: 433.2 | E38: 444.2 | F38: 510.8 | G38: 532.9 | H38: 671.4 | I38: 844 | J38: 908 | K38: 1030.7 | L38: 1043.5 | M38: 1075.9 | N38: 1149.43 | O38: 1360.2 | P38: 1787.6 | Q38: 2323 | R38: 2171.7 | S38: 2625.8 | T38: 2640.6 | U38: 2930.2 | V38: 2666 | W38: 3386.445 | X38: 3968.658 | Y38: 4186.404 | Z38: 4065.041
A39: Мурманская область | B39: 27.9 | C39: 7.8 | D39: 4.5 | E39: 13.3 | F39: 6.5 | G39: 8.1 | H39: 13.7 | I39: 12.7 | J39: 9.4 | K39: 22.1 | L39: 27.6 | M39: 23.2 | N39: 24.33 | O39: 24.8 | P39: 25.1 | Q39: 33.4 | R39: 59.2 | S39: 71 | T39: 46.3 | U39: 44.8 | V39: 35.6 | W39: 50.779 | X39: 180.392 | Y39: 60.702 | Z39: 72.154
A40: Новгородская область | B40: 89 | C40: 93.9 | D40: 97.5 | E40: 109.4 | F40: 148.2 | G40: 143.1 | H40: 163.1 | I40: 204.5 | J40: 258.5 | K40: 246.2 | L40: 232.6 | M40: 270.7 | N40: 313.39 | O40: 323.1 | P40: 354 | Q40: 359.3 | R40: 361.9 | S40: 231.6 | T40: 264.4 | U40: 286.6 | V40: 282.5 | W40: 307.453 | X40: 343.908 | Y40: 376.954 | Z40: 337.851
A41: Псковская область | B41: 81.8 | C41: 92.4 | D41: 100.4 | E41: 113.6 | F41: 132.4 | G41: 99.6 | H41: 125.5 | I41: 131.3 | J41: 151.4 | K41: 191.8 | L41: 149.7 | M41: 177.7 | N41: 214.66 | O41: 184.6 | P41: 298 | Q41: 350.5 | R41: 272.3 | S41: 202.3 | T41: 235.9 | U41: 302.2 | V41: 272.6 | W41: 314.494 | X41: 339.62 | Y41: 378.992 | Z41: 361.734
A42: г. Санкт-Петербург | B42: 1080.9 | C42: 1118.2 | D42: 1213.7 | E42: 1757.9 | F42: 2032 | G42: 2273.4 | H42: 2375.7 | I42: 2636.9 | J42: 3211.6 | K42: 2603.2 | L42: 2656.5 | M42: 2705.7 | N42: 2576.53 | O42: 2583.5 | P42: 3261.8 | Q42: 3030.7 | R42: 3116.3 | S42: 3536.1 | T42: 3950.3 | U42: 3471.2 | V42: 3369.6 | W42: 3463.836 | X42: 3474.169 | Y42: 3482.663 | Z42: 2666.153
A43: Южный федеральный округ | B43: 3337.4 | C43: =SUM(C44:C50) -> 3450.7 | D43: =SUM(D44:D50) -> 3782 | E43: =SUM(E44:E50) -> 3687 | F43: =SUM(F44:F50) -> 4159.3 | G43: 4408.9 | H43: =SUM(H44:H50) -> 5504.6 | I43: =SUM(I44:I50) -> 7043.7 | J43: =SUM(J44:J50) -> 7288.7 | K43: =SUM(K44:K50) -> 6614.4 | L43: 6803.1 | M43: 6931.1 | N43: 7933.89 | O43: 7705.7 | P43: 10097.6 | Q43: 9320.1 | R43: 8962 | S43: 9622.1 | T43: 9067.3 | U43: 9920.1 | V43: 10701.1 | W43: 11999.141 | X43: 13760.758 | Y43: 14592.851 | Z43: 13553.267
A44: Республика Адыгея | B44: 67.8 | C44: 73.4 | D44: 118.1 | E44: 58.2 | F44: 39.6 | G44: 71.6 | H44: 42.1 | I44: 68.7 | J44: 80.8 | K44: 125.7 | L44: 135 | M44: 122.3 | N44: 97.74 | O44: 106.9 | P44: 270.9 | Q44: 296.5 | R44: 235.2 | S44: 244.3 | T44: 187 | U44: 257 | V44: 258.1 | W44: 307.097 | X44: 467.989 | Y44: 564.038 | Z44: 565.617
A45: Республика Калмыкия | B45: 36.8 | C45: 77 | D45: 64 | E45: 50.2 | F45: 51.8 | G45: 48.8 | H45: 62.8 | I45: 77.7 | J45: 59.3 | K45: 72.3 | L45: 87.3 | M45: 103.9 | N45: 85.23 | O45: 111 | P45: 125.2 | Q45: 126 | R45: 70.8 | S45: 96.3 | T45: 90.4 | U45: 101.2 | V45: 87.5 | W45: 121.968 | X45: 123.03 | Y45: 142.004 | Z45: 130.876
A46: Республика Крым | P46: 634.2 | Q46: 252.6 | R46: 285.5 | S46: 833.7 | T46: 774.9 | U46: 799.7 | V46: 809 | W46: 742.655 | X46: 927.194 | Y46: 1219.572 | Z46: 1239.805
A47: Краснодарский край | B47: 1391.6 | C47: 1440.2 | D47: 1645 | E47: 1580.1 | F47: 1809.6 | G47: 1939.5 | H47: 2704.8 | I47: 3704.1 | J47: 3937.6 | K47: 3411.7 | L47: 3605.5 | M47: 3691.7 | N47: 4371 | O47: 3948.7 | P47: 4759 | Q47: 4644.3 | R47: 4502 | S47: 4728.4 | T47: 4414.9 | U47: 4532 | V47: 5124.3 | W47: 6283.122 | X47: 7592.631 | Y47: 7640.374 | Z47: 6682.412
A48: Астраханская область | B48: 484.9 | C48: 496.4 | D48: 520.9 | E48: 582.1 | F48: 630.6 | G48: 648.3 | H48: 668.8 | I48: 725.3 | J48: 382.4 | K48: 476.4 | L48: 499.7 | M48: 504.3 | N48: 511.11 | O48: 595.2 | P48: 623.7 | Q48: 575.3 | R48: 602.9 | S48: 483.5 | T48: 328.3 | U48: 318.5 | V48: 365 | W48: 543.423 | X48: 590.782 | Y48: 632.092 | Z48: 601.303
A49: Волгоградская область | B49: 400.5 | C49: 407.3 | D49: 450.1 | E49: 411.8 | F49: 508.5 | G49: 514.8 | H49: 638 | I49: 762.3 | J49: 820.2 | K49: 723.1 | L49: 666.9 | M49: 628.7 | N49: 884.78 | O49: 810.3 | P49: 1115 | Q49: 911.7 | R49: 754 | S49: 727.6 | T49: 610.2 | U49: 731.4 | V49: 770.7 | W49: 796.755 | X49: 798.495 | Y49: 951.05 | Z49: 1036.167
A50: Ростовская область | B50: 955.8 | C50: 956.4 | D50: 983.9 | E50: 1004.6 | F50: 1119.2 | G50: 1185.9 | H50: 1388.1 | I50: 1705.6 | J50: 2008.4 | K50: 1805.2 | L50: 1808.6 | M50: 1880.3 | N50: 1984.03 | O50: 2133.6 | P50: 2325 | Q50: 2408.7 | R50: 2293.1 | S50: 2333.9 | T50: 2347.4 | U50: 2611.3 | V50: 2644.3 | W50: 2686.079 | X50: 2703.722 | Y50: 2963.427 | Z50: 2950.859
A51: г. Севастополь | P51: 244.6 | Q51: 105 | R51: 218.5 | S51: 174.3 | T51: 314.3 | U51: 568.9 | V51: 642.4 | W51: 518.042 | X51: 556.915 | Y51: 480.294 | Z51: 346.228
A52: Северо-Кавказский федеральный округ | B52: 1493.1 | C52: =SUM(C53:C59) -> 1610.8 | D52: =SUM(D53:D59) -> 1500.7 | E52: =SUM(E53:E59) -> 1591.9 | F52: =SUM(F53:F59) -> 1664.5 | G52: 1803.8 | H52: =SUM(H53:H59) -> 2082.9 | I52: =SUM(I53:I59) -> 2527.6 | J52: =SUM(J53:J59) -> 2629.1 | K52: =SUM(K53:K59) -> 2799.9 | L52: 3030.6 | M52: 3192.5 | N52: 3749.3 | O52: 4141.5 | P52: 5011.9 | Q52: 4996.7 | R52: 5031 | S52: 5081.7 | T52: 3557.3 | U52: 4027.5 | V52: 3995.8 | W52: 4718.571 | X52: 5970.292 | Y52: 7364.082 | Z52: 9062.837
A53: Республика Дагестан | B53: 433.1 | C53: 567.8 | D53: 484.9 | E53: 520.2 | F53: 578 | G53: 628.1 | H53: 715.2 | I53: 800.1 | J53: 907.1 | K53: 1065.9 | L53: 1123.8 | M53: 1212.4 | N53: 1435.87 | O53: 1536.4 | P53: 1647.7 | Q53: 1809.8 | R53: 1862 | S53: 2000.1 | T53: 976 | U53: 1018.6 | V53: 969.7 | W53: 1031.242 | X53: 1005.339 | Y53: 1617.377 | Z53: 2900.964
A54: Республика Ингушетия | B54: 14.6 | C54: 25.3 | D54: 14.4 | E54: 19.8 | F54: 17.8 | G54: 24.1 | H54: 23.9 | I54: 231 | J54: 62.2 | K54: 37.3 | L54: 158.4 | M54: 81.8 | N54: 89.44 | O54: 250.6 | P54: 259.5 | Q54: 262.3 | R54: 271.6 | S54: 309.3 | T54: 235.7 | U54: 280.1 | V54: 180.3 | W54: 111.975 | X54: 134.883 | Y54: 162.606 | Z54: 171.686
A55: Кабардино-Балкарская Республика | B55: 192.6 | C55: 205.6 | D55: 209.8 | E55: 214.2 | F55: 221.4 | G55: 229.1 | H55: 229.3 | I55: 237 | J55: 247.3 | K55: 255.6 | L55: 264.2 | M55: 273 | N55: 281.86 | O55: 290.8 | P55: 328.4 | Q55: 375.1 | R55: 412.4 | S55: 426.8 | T55: 435.7 | U55: 474.1 | V55: 500.4 | W55: 514.381 | X55: 522.6 | Y55: 559.293 | Z55: 610.815
A56: Карачаево-Черкесская Республика | B56: 50.2 | C56: 75.3 | D56: 66.4 | E56: 68.5 | F56: 63.2 | G56: 62 | H56: 80.6 | I56: 92.9 | J56: 95.5 | K56: 90.1 | L56: 70.2 | M56: 82.4 | N56: 87.76 | O56: 113.1 | P56: 173.5 | Q56: 184 | R56: 165.1 | S56: 201.8 | T56: 174.8 | U56: 212.3 | V56: 127.8 | W56: 235.167 | X56: 309.02 | Y56: 419.928 | Z56: 372.824
A57: Республика Северная Осетия – Алания | B57: 134.5 | C57: 163.9 | D57: 134.1 | E57: 135.9 | F57: 136.2 | G57: 119 | H57: 157.9 | I57: 175.5 | J57: 196.9 | K57: 197.7 | L57: 198 | M57: 200.1 | N57: 205.73 | O57: 210.3 | P57: 170.8 | Q57: 174 | R57: 177.5 | S57: 192.2 | T57: 209.9 | U57: 228.6 | V57: 239.4 | W57: 322.154 | X57: 341.776 | Y57: 481.452 | Z57: 511.09
A58: Чеченская Республика | B58: - | C58: - | D58: - | E58: - | F58: - | G58: 40.5 | H58: 80.3 | I58: 45.3 | J58: 55 | K58: 74.8 | L58: 115.3 | M58: 76 | N58: 315.91 | O58: 365.7 | P58: 1140.1 | Q58: 943.2 | R58: 1041.5 | S58: 1069.3 | T58: 600.3 | U58: 637.3 | V58: 756.2 | W58: 1024.534 | X58: 2016.285 | Y58: 2331.501 | Z58: 2605.023
A59: Ставропольский край | B59: 668.1 | C59: 572.9 | D59: 591.1 | E59: 633.3 | F59: 647.9 | G59: 701 | H59: 795.7 | I59: 945.8 | J59: 1065.1 | K59: 1078.5 | L59: 1100.9 | M59: 1267 | N59: 1332.74 | O59: 1374.6 | P59: 1291.9 | Q59: 1248.3 | R59: 1101 | S59: 882.1 | T59: 924.9 | U59: 1176.5 | V59: 1222 | W59: 1479.118 | X59: 1640.389 | Y59: 1791.925 | Z59: 1890.435
A60: Приволжский федеральный округ | B60: 6934.1 | C60: 7462.3 | D60: 7473.2 | E60: 7603.9 | F60: 8264.7 | G60: 9141.8 | H60: 10017.3 | I60: 12288.6 | J60: 13563.9 | K60: 12725.5 | L60: 12440.1 | M60: 13602.2 | N60: 14182.12 | O60: 15260.3 | P60: 16855.7 | Q60: 16888.9 | R60: 16162.1 | S60: 15640.8 | T60: 15222.8 | U60: 16190.2 | V60: 15774.9 | W60: 17403.914 | X60: 18541.039 | Y60: 20158.292 | Z60: 20256.216
A61: Республика Башкортостан | B61: 1254.9 | C61: 1400.6 | D61: 1406.7 | E61: 1467.7 | F61: 1509.2 | G61: 1608.4 | H61: 1705.1 | I61: 1856.8 | J61: 2351.8 | K61: 2352.7 | L61: 2007 | M61: 2109.3 | N61: 2323.61 | O61: 2485.3 | P61: 2652.1 | Q61: 2690.7 | R61: 2698.2 | S61: 2460.5 | T61: 2290 | U61: 2371.8 | V61: 2455.1 | W61: 2906.224 | X61: 3062.47 | Y61: 3315.465 | Z61: 3348.2
A62: Республика Марий Эл | B62: 120.2 | C62: 131.4 | D62: 140.3 | E62: 147.1 | F62: 161.8 | G62: 182.1 | H62: 229 | I62: 283.7 | J62: 298.8 | K62: 299.9 | L62: 303.6 | M62: 314.8 | N62: 351.39 | O62: 369.6 | P62: 415.7 | Q62: 439.7 | R62: 466.1 | S62: 470.3 | T62: 336.7 | U62: 398.4 | V62: 369.8 | W62: 371.957 | X62: 435.836 | Y62: 536.547 | Z62: 484.375
A63: Республика Мордовия | B63: 182.1 | C63: 183.5 | D63: 144.5 | E63: 153.7 | F63: 155.9 | G63: 180.7 | H63: 213.2 | I63: 242.8 | J63: 284.1 | K63: 276.6 | L63: 289 | M63: 298.1 | N63: 265.75 | O63: 304.7 | P63: 320.8 | Q63: 324.5 | R63: 328.5 | S63: 330.1 | T63: 333.6 | U63: 348.3 | V63: 324.6 | W63: 340.734 | X63: 342.578 | Y63: 360.329 | Z63: 367.571
A64: Республика Татарстан | B64: 1502.6 | C64: 1547.7 | D64: 1543.4 | E64: 1561.7 | F64: 1768.4 | G64: 1641.6 | H64: 1778.3 | I64: 2040.7 | J64: 2222.5 | K64: 2010.2 | L64: 2027.3 | M64: 2396.1 | N64: 2399.5 | O64: 2400.4 | P64: 2404.8 | Q64: 2405.6 | R64: 2406.5 | S64: 2408.1 | T64: 2409.9 | U64: 2675.5 | V64: 2680.1 | W64: 3011.451 | X64: 3093.422 | Y64: 3436.517 | Z64: 3452.727
A65: Удмуртская Республика | B65: 257 | C65: 276.7 | D65: 353.5 | E65: 314.7 | F65: 360.9 | G65: 371.7 | H65: 423.9 | I65: 483 | J65: 486.4 | K65: 464.8 | L65: 482 | M65: 504.9 | N65: 516.09 | O65: 532.6 | P65: 633 | Q65: 648.5 | R65: 650.1 | S65: 658.6 | T65: 717.1 | U65: 759.9 | V65: 802.6 | W65: 841.448 | X65: 1176.008 | Y65: 1389.576 | Z65: 1400.927
A66: Чувашская Республика | B66: 502.3 | C66: 507.8 | D66: 515.2 | E66: 542.9 | F66: 625.2 | G66: 732.9 | H66: 854.5 | I66: 1004.5 | J66: 977.8 | K66: 852.2 | L66: 874.7 | M66: 886.4 | N66: 818.5 | O66: 837.1 | P66: 862.1 | Q66: 832.8 | R66: 629.8 | S66: 605 | T66: 597.5 | U66: 656.4 | V66: 577.6 | W66: 716.716 | X66: 850.577 | Y66: 780.712 | Z66: 786.486
A67: Пермский край | B67: 330.2 | C67: 525.4 | D67: 360.7 | E67: 415.5 | F67: 448.5 | G67: 638.2 | H67: 718.4 | I67: 884.1 | J67: 832.8 | K67: 695.1 | L67: 761.4 | M67: 748.8 | N67: 825.82 | O67: 1004 | P67: 1112.8 | Q67: 1154.1 | R67: 1060 | S67: 1101.1 | T67: 1081.2 | U67: 1172.8 | V67: 1214.8 | W67: 1317.033 | X67: 1986.948 | Y67: 1927.681 | Z67: 1753.862
A68: Кировская область | B68: 221 | C68: 218.8 | D68: 190.2 | E68: 161.1 | F68: 230.4 | G68: 257.4 | H68: 308.5 | I68: 375.8 | J68: 425.8 | K68: 335.9 | L68: 378.3 | M68: 405.4 | N68: 409.16 | O68: 487.1 | P68: 684.5 | Q68: 726.6 | R68: 662.1 | S68: 545.8 | T68: 552.6 | U68: 503.8 | V68: 460.4 | W68: 508.898 | X68: 530.343 | Y68: 595.723 | Z68: 603.828
A69: Нижегородская область | B69: 577 | C69: 532.6 | D69: 484.6 | E69: 575.7 | F69: 684.3 | G69: 747.8 | H69: 826.5 | I69: 1072 | J69: 1353.9 | K69: 1403.9 | L69: 1453.4 | M69: 1469.7 | N69: 1501.07 | O69: 1530.4 | P69: 1587.9 | Q69: 1259.1 | R69: 1273.6 | S69: 1308.1 | T69: 1351.1 | U69: 1410.1 | V69: 1477 | W69: 1590.529 | X69: 1701.437 | Y69: 1859.445 | Z69: 2010.014
A70: Оренбургская область | B70: 385.2 | C70: 441.1 | D70: 472.8 | E70: 521.7 | F70: 545.1 | G70: 580.8 | H70: 652.6 | I70: 752.4 | J70: 775.9 | K70: 740.1 | L70: 586.6 | M70: 743.3 | N70: 704.32 | O70: 790.8 | P70: 1151.8 | Q70: 1190.1 | R70: 966 | S70: 892 | T70: 911.5 | U70: 993.5 | V70: 967.2 | W70: 1101.608 | X70: 950.56 | Y70: 1129.773 | Z70: 1189.388
... A78: Тюменская область | B78: 905.8 | C78: 1263.2 | D78: 1339 | E78: 1191.4 | F78: 1373.8 | G78: 1321.8 | H78: 1710.9 | I78: 2066.2 | J78: 2220.4 | K78: 2006.1 | L78: 1815.9 | M78: 2147.6 | N78: 2564.68 | O78: 2753.4 | P78: 3161.4 | Q78: 3396.4 | R78: 2662.1 | S78: 2468.5 | T78: 2120.4 | U78: 2562.5 | V78: 2741.5 | W78: 2776.945 | X78: 3313.29 | Y78: 3730.772 | Z78: 3911.074
A79: в том числе:
A80: Ханты-Мансийский автономный округ – Югра | B80: 355.2 | C80: 689.3 | D80: 683.4 | E80: 582.9 | F80: 703.8 | G80: 582.2 | H80: 757.5 | I80: 872.2 | J80: 891.5 | K80: 827.2 | L80: 564.4 | M80: 757.4 | N80: 1021.78 | O80: 1044.2 | P80: 1115.8 | Q80: 968 | R80: 746.5 | S80: 812.5 | T80: 586 | U80: 802.3 | V80: 993.3 | W80: 898.177 | X80: 877.841 | Y80: 955.275 | Z80: 975.73
A81: Ямало-Ненецкий автономный округ | B81: 96.8 | C81: 117.8 | D81: 180.6 | E81: 127.2 | F81: 151.1 | G81: 182.6 | H81: 251.3 | I81: 253.5 | J81: 229.6 | K81: 135.4 | L81: 139.7 | M81: 167.8 | N81: 197.52 | O81: 246 | P81: 271 | Q81: 296.8 | R81: 228.1 | S81: 236.1 | T81: 186 | U81: 145.7 | V81: 166.9 | W81: 172.59 | X81: 190.039 | Y81: 290 | Z81: 332
A82: Тюменская область без автономных округов | B82: 453.8 | C82: 456.1 | D82: 475 | E82: 481.3 | F82: 518.9 | G82: 557 | H82: 702.1 | I82: 940 | J82: 1099.3 | K82: 1043.5 | L82: 1111.8 | M82: 1222.4 | N82: 1345.38 | O82: 1463.2 | P82: 1774.6 | Q82: 2131.5 | R82: 1687.5 | S82: 1419.9 | T82: 1348.4 | U82: 1614.5 | V82: 1581.3 | W82: 1706.178 | X82: 2245.41 | Y82: 2485.53 | Z82: 2603.328
A83: Челябинская область | B83: 669.1 | C83: 657.3 | D83: 706.4 | E83: 738.9 | F83: 807.3 | G83: 1018.6 | H83: 1234.9 | I83: 1673.1 | J83: 2024 | K83: 1430.9 | L83: 1072.9 | M83: 1314.3 | N83: 1676.6 | O83: 1787.6 | P83: 2002 | Q83: 1781.9 | R83: 1315.8 | S83: 1417.3 | T83: 1524.4 | U83: 1506.6 | V83: 1572.3 | W83: 1727.144 | X83: 1870.339 | Y83: 2091.227 | Z83: 1985.186
A84: Сибирский федеральный округ | B84: =SUM(B85:B94) -> 2532.5 | C84: 2293 | D84: 2573 | E84: 2987 | F84: 3551 | G84: 4075.5 | H84: 5037 | I84: 6412 | J84: 6609 | K84: 5731 | L84: 6060.5 | M84: 6605.3 | N84: 6788.2 | O84: 7314.9 | P84: 8112.6 | Q84: 8721.8 | R84: 8020.7 | S84: 6793 | T84: 6649 | U84: 7437.9 | V84: 7488.3 | W84: 8075.255 | X84: 8287.729 | Y84: 10001.356 | Z84: 9878.727
A85: Республика Алтай | B85: 24.6 | C85: 15.4 | D85: 26.1 | E85: 23 | F85: 41.4 | G85: 34.2 | H85: 47.2 | I85: 51.8 | J85: 58.4 | K85: 60.7 | L85: 68.3 | M85: 76.6 | N85: 80.63 | O85: 89.7 | P85: 100.4 | Q85: 113.6 | R85: 124.6 | S85: 130.9 | T85: 108.3 | U85: 99.2 | V85: 88.8 | W85: 151.249 | X85: 164.691 | Y85: 190.419 | Z85: 223.83
A86: Республика Тыва | B86: 31.2 | C86: 34.2 | D86: 27 | E86: 19.8 | F86: 17.4 | G86: 16.9 | H86: 24.1 | I86: 33.1 | J86: 44.5 | K86: 50.3 | L86: 49.5 | M86: 52.4 | N86: 55.45 | O86: 78.8 | P86: 92.6 | Q86: 109 | R86: 107.8 | S86: 101 | T86: 93.1 | U86: 111.9 | V86: 111 | W86: 108.503 | X86: 139.667 | Y86: 172.701 | Z86: 340.901
A87: Республика Хакасия | B87: 131.4 | C87: 66 | D87: 100.7 | E87: 99.8 | F87: 103.8 | G87: 121.2 | H87: 138 | I87: 163.2 | J87: 192.7 | K87: 184.8 | L87: 140.6 | M87: 156.2 | N87: 173.5 | O87: 202.7 | P87: 261.9 | Q87: 301.3 | R87: 191.6 | S87: 235.9 | T87: 188.2 | U87: 247.8 | V87: 287.6 | W87: 316.966 | X87: 321.015 | Y87: 372.8 | Z87: 364.592
A88: Алтайский край | B88: 415 | C88: 439.4 | D88: 371.9 | E88: 419.8 | F88: 354.1 | G88: 398.4 | H88: 440.6 | I88: 598.2 | J88: 631.9 | K88: 654.3 | L88: 659.6 | M88: 635.7 | N88: 645.78 | O88: 664.7 | P88: 754.8 | Q88: 890 | R88: 754.4 | S88: 629.9 | T88: 786.1 | U88: 757.7 | V88: 826.3 | W88: 988.679 | X88: 923.346 | Y88: 945.775 | Z88: 875.422
A89: Красноярский край | B89: 443.4 | C89: 376.1 | D89: 491.8 | E89: 575.3 | F89: 662.8 | G89: 780.3 | H89: 898.5 | I89: 1159.1 | J89: 1101.6 | K89: 860.6 | L89: 987.9 | M89: 1047.1 | N89: 1076.77 | O89: 1134 | P89: 1200.6 | Q89: 1311.1 | R89: 1373.8 | S89: 1056.5 | T89: 1148.5 | U89: 1695.9 | V89: 1307.1 | W89: 1345.698 | X89: 1396.457 | Y89: 1630.658 | Z89: 1489.15
A90: Иркутская область | B90: 185.8 | C90: 183.3 | D90: 230.8 | E90: 216.2 | F90: 266.8 | G90: 302.5 | H90: 331.1 | I90: 575.1 | J90: 584.9 | K90: 602.2 | L90: 628.1 | M90: 755.2 | N90: 871.06 | O90: 973.3 | P90: 835.7 | Q90: 922.6 | R90: 912.6 | S90: 973.8 | T90: 987.5 | U90: 1024.2 | V90: 1105.9 | W90: 1203.756 | X90: 1251.313 | Y90: 1490.693 | Z90: 1605.246
A91: Кемеровская область | B91: 337.7 | C91: 395.5 | D91: 463.3 | E91: 512.4 | F91: 582 | G91: 641 | H91: 803.9 | I91: 1010.4 | J91: 1063.1 | K91: 1063.2 | L91: 1002.9 | M91: 1082.6 | N91: 1085.45 | O91: 1090.5 | P91: 1097.8 | Q91: 1002 | R91: 1089.2 | S91: 1000.3 | T91: 639.8 | U91: 765.8 | V91: 824.5 | W91: 839.875 | X91: 790.213 | Y91: 903.748 | Z91: 933.043
A92: Новосибирская область | B92: 504.9 | C92: 401.2 | D92: 417.6 | E92: 566.3 | F92: 704.5 | G92: 704.4 | H92: 1073.2 | I92: 1274.7 | J92: 1392.2 | K92: 1216 | L92: 1379.9 | M92: 1505.2 | N92: 1570.96 | O92: 1723.4 | P92: 2302 | Q92: 2587.9 | R92: 2216.2 | S92: 1729.1 | T92: 1738.4 | U92: 1759.2 | V92: 1944.4 | W92: 2004.616 | X92: 2243.519 | Y92: 3016.276 | Z92: 2630.017
A93: Омская область | B93: 253.3 | C93: 173.6 | D93: 229.6 | E93: 318.2 | F93: 520.4 | G93: 755.9 | H93: 906 | I93: 1103.8 | J93: 1015.7 | K93: 605.2 | L93: 706.7 | M93: 836.7 | N93: 738.69 | O93: 826.5 | P93: 848 | Q93: 785.2 | R93: 772.3 | S93: 458.2 | T93: 522.3 | U93: 537.6 | V93: 541.2 | W93: 639.342 | X93: 693.359 | Y93: 742.943 | Z93: 868.884
A94: Томская область | B94: 205.2 | C94: 207.9 | D94: 213.7 | E94: 235.9 | F94: 297.3 | G94: 320.7 | H94: 374.5 | I94: 442.8 | J94: 524 | K94: 433.5 | L94: 437 | M94: 457.6 | N94: 489.7 | O94: 531.3 | P94: 619.1 | Q94: 699.1 | R94: 478.2 | S94: 477.6 | T94: 436.9 | U94: 438.6 | V94: 451.5 | W94: 476.571 | X94: 364.149 | Y94: 535.343 | Z94: 547.642
A95: Дальневосточный федеральный округ | B95: 1043 | C95: 1157 | D95: 1030 | E95: 1100 | F95: 1174 | G95: 1265.6 | H95: 1487 | I95: 1803 | J95: 1989 | K95: 2035 | L95: 2194.5 | M95: 2516.5 | N95: 2633.6 | O95: 2848.6 | P95: 3205.5 | Q95: 2872.5 | R95: 2819.5 | S95: 2512 | T95: 2269.6 | U95: 2513.7 | V95: 2554.7 | W95: 3114.745 | X95: 3567.426 | Y95: 4481.727 | Z95: 4680.978
A96: Республика Бурятия | B96: 170.3 | C96: 183.6 | D96: 184.9 | E96: 184 | F96: 196.8 | G96: 201.2 | H96: 217.4 | I96: 270.6 | J96: 307.2 | K96: 248.1 | L96: 271.7 | M96: 304.4 | N96: 339.36 | O96: 380.1 | P96: 409.4 | Q96: 414.7 | R96: 335.8 | S96: 269.2 | T96: 247.8 | U96: 268.2 | V96: 275.8 | W96: 279.343 | X96: 291.77 | Y96: 469.478 | Z96: 532.965
... A106: Чукотский автономный округ | B106: 0.8 | C106: 10 | D106: 12.6 | E106: 19.5 | F106: 24.8 | G106: 23.7 | H106: 6.6 | I106: 6.6 | J106: 1.6 | K106: 4 | L106: 0.3 | M106: 2.1 | N106: 1.18 | O106: 0.4 | P106: 1.8 | Q106: 2.2 | R106: 2.5 | S106: 4.1 | T106: 1.8 | U106: 1.3 | V106: 1.7 | W106: 3.023 | X106: 3.521 | Y106: 6.211 | Z106: 6.173

Sheet 14.3.2.
A2: Социально-экономические показатели по субъектам Российской Федерации
A3: 14. СТРОИТЕЛЬСТВО
A4: ЖИЛИЩНОЕ И СОЦИАЛЬНО-КУЛЬТУРНОЕ СТРОИТЕЛЬСТВО
A5: 14.3. ВВОД В ДЕЙСТВИЕ ЖИЛЫХ ДОМОВ
A6: 14.3.2. На 1000 человек населения
A7: (квадратных метров общей площади жилых помещений)
B8: 2000 | C8: 2001 | D8: 2002 | E8: 2003 | F8: 2004 | G8: 2005 | H8: 2006 | I8: 2007 | J8: 2008 | K8: 2009 | L8: 2010 | M8: 2011 | N8: 2012 | O8: 2013 | P8: 2014 | Q8: 2015 | R8: 2016 | S8: 2017 | T8: 2018 | U8: 2019 | V8: 2020 | W8: 2021 | X8: 2022 | Y8: 2023 | Z8: 2024
A9: Российская Федерация | B9: 206.66058 | C9: 217.18016 | D9: 232.83336 | E9: 251.98512 | F9: 284.86753 | G9: 304 | H9: 353.38852 | I9: 428.70524 | J9: 448.76936 | K9: 419.452 | L9: 409 | M9: 435 | N9: 459 | O9: 490 | P9: 575 | Q9: 581 | R9: 544 | S9: 536 | T9: 512 | U9: 555 | V9: 556 | W9: 629 | X9: 700 | Y9: 755 | Z9: 737
A10: Центральный федеральный округ | B10: 266.485 | C10: 278.34992 | D10: 313.87144 | E10: 350.33514 | F10: 402.50685 | G10: 401 | H10: 454.69034 | I10: 520.83005 | J10: 500.41488 | K10: 493.31269 | L10: 455 | M10: 469 | N10: 469 | O10: 519 | P10: 625 | Q10: 647 | R10: 603 | S10: 608 | T10: 583 | U10: 638 | V10: 632 | W10: 724 | X10: 816 | Y10: 820 | Z10: 752
A11: Белгородская область | B11: 467.79233 | C11: 394.93234 | D11: 439.13907 | E11: 443.65742 | F11: 533.72608 | G11: 550 | H11: 620.51616 | I11: 701.3256 | J11: 730.18291 | K11: 717.64968 | L11: 718 | M11: 748 | N11: 789 | O11: 839 | P11: 949 | Q11: 1002 | R11: 869 | S11: 837 | T11: 783 | U11: 812 | V11: 741 | W11: 756 | X11: 551 | Y11: 636 | Z11: 572
A12: Брянская область | B12: 159.15513 | C12: 169.25055 | D12: 174.73973 | E12: 162.17884 | F12: 169.3549 | G12: 148 | H12: 186.56264 | I12: 228.20298 | J12: 247.69075 | K12: 273.48215 | L12: 305 | M12: 332 | N12: 360 | O12: 423 | P12: 446 | Q12: 525 | R12: 545 | S12: 460 | T12: 335 | U12: 341 | V12: 360 | W12: 385 | X12: 419 | Y12: 496 | Z12: 536
A13: Владимирская область | B13: 179.09114 | C13: 158.85316 | D13: 165.59885 | E13: 184.44509 | F13: 215.68451 | G13: 219 | H13: 230.42797 | I13: 255.55596 | J13: 286.80061 | K13: 310.20975 | L13: 333 | M13: 304 | N13: 355 | O13: 365 | P13: 428 | Q13: 459 | R13: 467 | S13: 498 | T13: 471 | U13: 541 | V13: 531 | W13: 614 | X13: 887 | Y13: 869 | Z13: 788
A14: Воронежская область | B14: 233.85969 | C14: 242.60281 | D14: 273.61891 | E14: 316.41205 | F14: 296.89028 | G14: 332 | H14: 362.39723 | I14: 414.79557 | J14: 478.49751 | K14: 379.85473 | L14: 450 | M14: 427 | N14: 476 | O14: 578 | P14: 674 | Q14: 696 | R14: 717 | S14: 720 | T14: 722 | U14: 804 | V14: 741 | W14: 807 | X14: 838 | Y14: 884 | Z14: 853
A15: Ивановская область | B15: 88.894506 | C15: 78.263841 | D15: 85.587929 | E15: 105.2046 | F15: 80.168487 | G15: 95 | H15: 163.70869 | I15: 130.81831 | J15: 158.48419 | K15: 174.12852 | L15: 179 | M15: 205 | N15: 213 | O15: 224 | P15: 247 | Q15: 257 | R15: 177 | S15: 344 | T15: 379 | U15: 345 | V15: 352 | W15: 389 | X15: 427 | Y15: 562 | Z15: 510
A16: Калужская область | B16: 167.46456 | C16: 183.90369 | D16: 189.82856 | E16: 209.34467 | F16: 208.62106 | G16: 256 | H16: 259.26336 | I16: 449.68565 | J16: 621.15039 | K16: 449.81912 | L16: 495 | M16: 592 | N16: 604 | O16: 645 | P16: 787 | Q16: 770 | R16: 707 | S16: 841 | T16: 748 | U16: 755 | V16: 777 | W16: 810 | X16: 855 | Y16: 1046 | Z16: 908
A17: Костромская область | B17: 207.28328 | C17: 246.99599 | D17: 151.78571 | E17: 144.07284 | F17: 113.85807 | G17: 165 | H17: 157.31417 | I17: 204.48111 | J17: 218.92287 | K17: 267.11442 | L17: 226 | M17: 236 | N17: 313 | O17: 352 | P17: 512 | Q17: 508 | R17: 492 | S17: 500 | T17: 322 | U17: 352 | V17: 435 | W17: 573 | X17: 587 | Y17: 633 | Z17: 566
A18: Курская область | B18: 137.90126 | C18: 153.24056 | D18: 154.54106 | E18: 225.734 | F18: 237.09273 | G18: 251 | H18: 279.32507 | I18: 324.88416 | J18: 389.59805 | K18: 400.38309 | L18: 337 | M18: 351 | N18: 381 | O18: 444 | P18: 502 | Q18: 508 | R18: 524 | S18: 529 | T18: 537 | U18: 503 | V18: 477 | W18: 521 | X18: 516 | Y18: 582 | Z18: 684
A19: Липецкая область | B19: 260.94727 | C19: 315.20052 | D19: 250.06169 | E19: 287.63223 | F19: 350.43755 | G19: 425 | H19: 520.65639 | I19: 593.15624 | J19: 609.53574 | K19: 620.16963 | L19: 627 | M19: 651 | N19: 691 | O19: 736 | P19: 865 | Q19: 909 | R19: 923 | S19: 929 | T19: 776 | U19: 1080 | V19: 1066 | W19: 1079 | X19: 667 | Y19: 688 | Z19: 711
A20: Московская область | B20: 394.34812 | C20: 427.72223 | D20: 516.37683 | E20: 619.3162 | F20: 853.23267 | G20: 783 | H20: 951.38362 | I20: 1135.947 | J20: 1137.8014 | K20: 1208.9638 | L20: 1124 | M20: 1149 | N20: 905 | O20: 994 | P20: 1310 | Q20: 1244 | R20: 1131 | S20: 1131 | T20: 1086 | U20: 1037 | V20: 1076 | W20: 1085 | X20: 1645 | Y20: 1448 | Z20: 1309
... A32: Архангельская область | B32: 56.38907 | C32: 73.393146 | D32: 79.537831 | E32: 71.067033 | F32: 80.313053 | G32: 91 | H32: 151.61836 | I32: 205.71909 | J32: 277.06674 | K32: 196.07859 | L32: 234 | M32: 233 | N32: 254 | O32: 279 | P32: 308 | Q32: 346 | R32: 327 | S32: 384 | T32: 298 | U32: 312 | V32: 357 | W32: 429 | X32: 457 | Y32: 461 | Z32: 482
A33: в том числе:
A34: Ненецкий автономный округ | B34: 296.83698 | C34: 290.95355 | D34: 116.22276 | E34: 227.32711 | F34: 198.11906 | G34: 778 | H34: 835.6413 | I34: 876.37605 | J34: 1525.8244 | K34: 1014.6239 | L34: 1005 | M34: 722 | N34: 794 | O34: 821 | P34: 826 | Q34: 837 | R34: 554 | S34: 662 | T34: 442 | U34: 243 | V34: 531 | W34: 429 | X34: 863 | Y34: 519 | Z34: 600
A35: Архангельская область без автономного округа | B35: 49.006425 | C35: 66.646448 | D35: 78.372558 | E35: 65.974583 | F35: 76.413089 | G35: 68 | H35: 128.37075 | I35: 182.69923 | J35: 233.83934 | K35: 167.43578 | L35: 207 | M35: 216 | N35: 234 | O35: 258 | P35: 289 | Q35: 327 | R35: 318 | S35: 373 | T35: 292 | U35: 315 | V35: 350 | W35: 429 | X35: 440 | Y35: 459 | Z35: 476
A36: Вологодская область | B36: 157.91506 | C36: 186.37602 | D36: 187.39687 | E36: 195.81635 | F36: 239.91762 | G36: 236 | H36: 271.22143 | I36: 399.66404 | J36: 448.16776 | K36: 404.45854 | L36: 340 | M36: 362 | N36: 325 | O36: 482 | P36: 650 | Q36: 726 | R36: 653 | S36: 460 | T36: 457 | U36: 503 | V36: 433 | W36: 558 | X36: 572 | Y36: 663 | Z36: 610
A37: Калининградская область | B37: 179.31322 | C37: 183.69054 | D37: 207.37327 | E37: 244.27176 | F37: 259.26118 | G37: 283 | H37: 536.42517 | I37: 805.82875 | J37: 855.383 | K37: 648.23495 | L37: 558 | M37: 577 | N37: 612 | O37: 666 | P37: 1154 | Q37: 1239 | R37: 1230 | S37: 909 | T37: 916 | U37: 963 | V37: 1143 | W37: 1238 | X37: 1278 | Y37: 1178 | Z37: 1181
A38: Ленинградская область | B38: 232.55123 | C38: 247.36057 | D38: 259.41673 | E38: 265.95315 | F38: 304.52507 | G38: 317 | H38: 397.69133 | I38: 498.86396 | J38: 535.46008 | K38: 605.61654 | L38: 610 | M38: 622 | N38: 655 | O38: 765 | P38: 994 | Q38: 1280 | R38: 1186 | S38: 1414 | T38: 1395 | U38: 1516 | V38: 1357 | W38: 1700 | X38: 1970 | Y38: 2063 | Z38: 1985
A39: Мурманская область | B39: 29.935622 | C39: 8.5311167 | D39: 5.0122522 | E39: 15.088312 | F39: 7.514086 | G39: 10 | H39: 16.472226 | I39: 15.496139 | J39: 11.599969 | K39: 27.533486 | L39: 35 | M39: 29 | N39: 31 | O39: 33 | P39: 34 | Q39: 45 | R39: 81 | S39: 98 | T39: 65 | U39: 64 | V39: 52 | W39: 76 | X39: 273 | Y39: 92 | Z39: 110
A40: Новгородская область | B40: 124.58007 | C40: 133.07823 | D40: 139.98564 | E40: 159.11524 | F40: 218.34511 | G40: 214 | H40: 246.52358 | I40: 312.26571 | J40: 398.43769 | K40: 383.17098 | L40: 366 | M40: 429 | N40: 500 | O40: 519 | P40: 572 | Q40: 584 | R40: 592 | S40: 382 | T40: 440 | U40: 482 | V40: 478 | W40: 526 | X40: 594 | Y40: 657 | Z40: 594
A41: Псковская область | B41: 103.87302 | C41: 119.11822 | D41: 131.43082 | E41: 150.9767 | F41: 178.76552 | G41: 137 | H41: 175.64681 | I41: 186.52873 | J41: 217.85332 | K41: 279.54538 | L41: 221 | M41: 266 | N41: 324 | O41: 282 | P41: 460 | Q41: 546 | R41: 428 | S41: 321 | T41: 379 | U41: 491 | V41: 448 | W41: 523 | X41: 573 | Y41: 648 | Z41: 626
A42: г. Санкт-Петербург | B42: 228.59741 | C42: 237.83393 | D42: 259.75944 | E42: 377.292 | F42: 434.72085 | G42: 484 | H42: 502.24071 | I42: 554.41237 | J42: 671.63148 | K42: 540.56119 | L42: 546 | M42: 548 | N42: 513 | O42: 503 | P42: 623 | Q42: 571 | R42: 581 | S42: 649 | T42: 716 | U42: 624 | V42: 603 | W42: 619 | X42: 620 | Y42: 622 | Z42: 474
A43: Южный федеральный округ | B43: 237.05145 | C43: 245.86391 | D43: 270.50417 | E43: 264.67935 | F43: 299.48141 | G43: 318 | H43: 398.05412 | I43: 509.53955 | J43: 526.80328 | K43: 477.60387 | L43: 491 | M43: 499 | N43: 570 | O43: 551 | P43: 619 | Q43: 567 | R43: 542 | S43: 579 | T43: 544 | U43: 593 | V43: 639 | W43: 717 | X43: 825 | Y43: 877 | Z43: 816
A44: Республика Адыгея | B44: 151.27175 | C44: 164.20582 | D44: 264.38325 | E44: 130.54069 | F44: 89.174327 | G44: 162 | H44: 95.725765 | I44: 156.75912 | J44: 184.20573 | K44: 285.96128 | L44: 307 | M44: 276 | N44: 218 | O44: 236 | P44: 593 | Q44: 641 | R44: 503 | S44: 518 | T44: 394 | U44: 533 | V44: 528 | W44: 621 | X44: 939 | Y44: 1130 | Z44: 1130
A45: Республика Калмыкия | B45: 119.55815 | C45: 254.62963 | D45: 217.17 | E45: 171.91251 | F45: 176.98873 | G45: 166 | H45: 214.14225 | I45: 265.79278 | J45: 203.80388 | K45: 249.33184 | L45: 302 | M45: 361 | N45: 299 | O45: 393 | P45: 446 | Q45: 452 | R45: 255 | S45: 349 | T45: 331 | U45: 374 | V45: 325 | W45: 456 | X45: 463 | Y45: 535 | Z45: 490
A46: Республика Крым | P46: 337 | Q46: 133 | R46: 149 | S46: 433 | T46: 401 | U46: 413 | V46: 418 | W46: 384 | X46: 482 | Y46: 637 | Z46: 651
A47: Краснодарский край | B47: 271.10323 | C47: 280.6204 | D47: 320.93178 | E47: 308.77122 | F47: 353.65135 | G47: 379 | H47: 526.72976 | I47: 718.29457 | J47: 759.77866 | K47: 655.55028 | L47: 690 | M47: 701 | N47: 821 | O47: 731 | P47: 869 | Q47: 838 | R47: 802 | S47: 833 | T47: 771 | U47: 785 | V47: 883 | W47: 1079 | X47: 1303 | Y47: 1311 | Z47: 1145
A48: Астраханская область | B48: 479.71903 | C48: 492.75362 | D48: 518.25689 | E48: 578.95799 | F48: 626.67077 | G48: 645 | H48: 667.52636 | I48: 722.69973 | J48: 379.39858 | K48: 471.43905 | L48: 495 | M48: 499 | N48: 506 | O48: 591 | P48: 619 | Q48: 572 | R48: 601 | S48: 484 | T48: 330 | U48: 323 | V48: 375 | W48: 564 | X48: 619 | Y48: 666 | Z48: 635
A49: Волгоградская область | B49: 146.5959 | C49: 149.8804 | D49: 166.58648 | E49: 153.46706 | F49: 190.85674 | G49: 194 | H49: 242.10907 | I49: 290.22929 | J49: 312.98236 | K49: 276.40233 | L49: 255 | M49: 242 | N49: 341 | O49: 313 | P49: 433 | Q49: 355 | R49: 294 | S49: 285 | T49: 240 | U49: 289 | V49: 306 | W49: 318 | X49: 322 | Y49: 386 | Z49: 424
A50: Ростовская область | B50: 214.93625 | C50: 215.96477 | D50: 223.24832 | E50: 229.04195 | F50: 256.45509 | G50: 273 | H50: 321.05584 | I50: 396.08633 | J50: 467.60904 | K50: 420.92775 | L50: 423 | M50: 440 | N50: 465 | O50: 501 | P50: 546 | Q50: 566 | R50: 539 | S50: 549 | T50: 554 | U50: 617 | V50: 626 | W50: 639 | X50: 647 | Y50: 713 | Z50: 712
A51: г. Севастополь | P51: 633 | Q51: 251 | R51: 488 | S51: 372 | T51: 642 | U51: 1113 | V51: 1219 | W51: 960 | X51: 1007 | Y51: 858 | Z51: 618
A52: Северо-Кавказский федеральный округ | B52: 172.14702 | C52: 183.62345 | D52: 168.78866 | E52: 177.81913 | F52: 185.33907 | G52: 200 | H52: 229.80808 | I52: 276.58028 | J52: 284.92678 | K52: 300.72861 | L52: 323 | M52: 337 | N52: 393 | O52: 431 | P52: 518 | Q52: 512 | R52: 511 | S52: 513 | T52: 357 | U52: 401 | V52: 395 | W52: 465 | X52: 586 | Y52: 720 | Z52: 882
A53: Республика Дагестан | B53: 175.74971 | C53: 226.12505 | D53: 189.50289 | E53: 200.11872 | F53: 219.34601 | G53: 235 | H53: 263.50034 | I53: 289.65853 | J53: 323.09171 | K53: 374.30969 | L53: 389 | M53: 415 | N53: 488 | O53: 518 | P53: 551 | Q53: 600 | R53: 611 | S53: 651 | T53: 315 | U53: 326 | V53: 308 | W53: 325 | X53: 314 | Y53: 502 | Z53: 894
A54: Республика Ингушетия | B54: 37.178508 | C54: 56.159822 | D54: 31.162086 | E54: 43.010472 | F54: 40.197918 | G54: 57 | H54: 58.000558 | I54: 568.01416 | J54: 152.48275 | K54: 90.870776 | L54: 383 | M54: 194 | N54: 206 | O54: 563 | P54: 571 | Q54: 566 | R54: 577 | S54: 649 | T54: 487 | U54: 569 | V54: 360 | W54: 221 | X54: 262 | Y54: 311 | Z54: 323
A55: Кабардино-Балкарская Республика | B55: 218.14475 | C55: 230.88153 | D55: 233.70837 | E55: 239.23739 | F55: 250.6016 | G55: 263 | H55: 265.91396 | I55: 276.26531 | J55: 288.32791 | K55: 297.60692 | L55: 307 | M55: 317 | N55: 327 | O55: 336 | P55: 377 | Q55: 428 | R55: 468 | S55: 482 | T55: 489 | U55: 530 | V55: 557 | W55: 570 | X55: 578 | Y55: 618 | Z55: 674
A56: Карачаево-Черкесская Республика | B56: 114.01317 | C56: 171.05861 | D56: 151.14956 | E56: 155.11881 | F56: 141.2982 | G56: 137 | H56: 175.95602 | I56: 200.21207 | J56: 203.96613 | K56: 190.91895 | L56: 148 | M56: 173 | N56: 185 | O56: 240 | P56: 369 | Q56: 392 | R56: 352 | S56: 430 | T56: 372 | U56: 452 | V56: 272 | W56: 501 | X56: 659 | Y56: 897 | Z56: 796
A57: Республика Северная Осетия – Алания | B57: 192.41774 | C57: 231.82461 | D57: 188.95308 | E57: 191.76632 | F57: 192.63517 | G57: 168 | H57: 223.07049 | I57: 247.12915 | J57: 276.70623 | K57: 277.78832 | L57: 278 | M57: 282 | N57: 291 | O57: 298 | P57: 242 | Q57: 247 | R57: 252 | S57: 274 | T57: 300 | U57: 328 | V57: 346 | W57: 468 | X57: 500 | Y57: 708 | Z57: 753
A58: Чеченская Республика | B58: - | C58: - | D58: - | E58: - | F58: - | G58: 35 | H58: 69.095775 | I58: 38.245664 | J58: 45.429953 | K58: 60.461838 | L58: 91 | M58: 59 | N58: 240 | O58: 274 | P58: 839 | Q58: 682 | R58: 741 | S58: 750 | T58: 415 | U58: 434 | V58: 508 | W58: 680 | X58: 1323 | Y58: 1511 | Z58: 1665
A59: Ставропольский край | B59: 243.75205 | C59: 209.20212 | D59: 216.17964 | E59: 231.48757 | F59: 236.45209 | G59: 255 | H59: 289.66398 | I59: 343.50545 | J59: 385.39654 | K59: 388.97707 | L59: 396 | M59: 454 | N59: 475 | O59: 487 | P59: 456 | Q59: 438 | R59: 384 | S59: 307 | T59: 321 | U59: 406 | V59: 421 | W59: 509 | X59: 566 | Y59: 620 | Z59: 655
A60: Приволжский федеральный округ | B60: 219.31278 | C60: 237.47363 | D60: 239.44659 | E60: 245.29638 | F60: 268.45694 | G60: 299 | H60: 329.96545 | I60: 406.8338 | J60: 450.62943 | K60: 423.85742 | L60: 416 | M60: 456 | N60: 476 | O60: 513 | P60: 567 | Q60: 569 | R60: 545 | S60: 528 | T60: 516 | U60: 551 | V60: 540 | W60: 601 | X60: 644 | Y60: 705 | Z60: 711
A61: Республика Башкортостан | B61: 304.77231 | C61: 340.63769 | D61: 342.65462 | E61: 358.12899 | F61: 369.19777 | G61: 395 | H61: 419.99109 | I61: 458.00209 | J61: 579.67557 | K61: 578.91824 | L61: 493 | M61: 518 | N61: 570 | O61: 608 | P61: 647 | Q61: 655 | R61: 655 | S61: 597 | T61: 556 | U61: 576 | V61: 598 | W61: 710 | X61: 750 | Y61: 814 | Z61: 826
A62: Республика Марий Эл | B62: 162.10384 | C62: 178.55687 | D62: 192.24445 | E62: 202.97578 | F62: 224.57188 | G62: 254 | H62: 322.08882 | I62: 401.41663 | J62: 424.86694 | K62: 428.12338 | L62: 435 | M62: 453 | N62: 508 | O62: 535 | P62: 603 | Q62: 638 | R62: 678 | S62: 685 | T62: 492 | U62: 583 | V62: 543 | W62: 549 | X62: 646 | Y62: 800 | Z62: 725
A63: Республика Мордовия | B63: 199.38684 | C63: 203.30157 | D63: 162.05002 | E63: 174.21721 | F63: 178.15636 | G63: 208 | H63: 247.53165 | I63: 284.04936 | J63: 334.90116 | K63: 328.47508 | L63: 346 | M63: 359 | N63: 323 | O63: 373 | P63: 394 | Q63: 399 | R63: 404 | S63: 406 | T63: 413 | U63: 435 | V63: 409 | W63: 434 | X63: 441 | Y63: 469 | Z63: 482
A64: Республика Татарстан | B64: 396.64229 | C64: 408.9684 | D64: 408.32848 | E64: 413.65307 | F64: 468.9925 | G64: 436 | H64: 472.65634 | I64: 542.02694 | J64: 589.49878 | K64: 531.94079 | L64: 535 | M64: 631 | N64: 627 | O64: 623 | P64: 620 | Q64: 616 | R64: 612 | S64: 609 | T64: 606 | U64: 671 | V64: 671 | W64: 753 | X64: 773 | Y64: 859 | Z64: 861
A65: Удмуртская Республика | B65: 161.45244 | C65: 174.78365 | D65: 224.70125 | E65: 201.1333 | F65: 231.68893 | G65: 240 | H65: 274.86511 | I65: 314.4994 | J65: 317.78574 | K65: 304.45229 | L65: 317 | M65: 333 | N65: 341 | O65: 353 | P65: 420 | Q65: 432 | R65: 434 | S65: 441 | T65: 483 | U65: 515 | V65: 547 | W65: 578 | X65: 814 | Y65: 966 | Z65: 979
A66: Чувашская Республика | B66: 377.38542 | C66: 383.65065 | D66: 391.60839 | E66: 415.47886 | F66: 482.27791 | G66: 570 | H66: 670.84956 | I66: 793.55988 | J66: 775.64577 | K66: 677.93914 | L66: 698 | M66: 710 | N66: 658 | O66: 676 | P66: 699 | Q66: 677 | R66: 513 | S66: 494 | T66: 491 | U66: 543 | V66: 481 | W66: 603 | X66: 722 | Y66: 667 | Z66: 676
A67: Пермский край | B67: 115.10039 | C67: 184.48681 | D67: 127.66334 | E67: 148.47722 | F67: 162.07104 | G67: 233 | H67: 265.56429 | I67: 329.54646 | J67: 312.24247 | K67: 261.85663 | L67: 288 | M67: 285 | N67: 314 | O67: 382 | P67: 424 | Q67: 440 | R67: 405 | S67: 422 | T67: 416 | U67: 454 | V67: 474 | W67: 519 | X67: 789 | Y67: 771 | Z67: 705
A68: Кировская область | B68: 143.02356 | C68: 143.23121 | D68: 126.0688 | E68: 108.43162 | F68: 157.92526 | G68: 180 | H68: 219.20927 | I68: 270.80781 | J68: 310.3062 | K68: 247.19468 | L68: 281 | M68: 305 | N68: 312 | O68: 376 | P68: 535 | Q68: 575 | R68: 530 | S68: 442 | T68: 453 | U68: 419 | V68: 389 | W68: 438 | X68: 464 | Y68: 525 | Z68: 537
A69: Нижегородская область | B69: 159.77183 | C69: 148.99569 | D69: 137.07852 | E69: 164.56207 | F69: 197.51836 | G69: 218 | H69: 243.13536 | I69: 317.76257 | J69: 403.75538 | K69: 420.92595 | L69: 438 | M69: 445 | N69: 456 | O69: 467 | P69: 486 | Q69: 387 | R69: 394 | S69: 406 | T69: 422 | U69: 443 | V69: 468 | W69: 509 | X69: 550 | Y69: 605 | Z69: 659
A70: Оренбургская область | B70: 174.50394 | C70: 200.79206 | D70: 216.59261 | E70: 241.19602 | F70: 255.17262 | G70: 276 | H70: 313.6455 | I70: 364.92456 | J70: 378.49187 | K70: 362.23478 | L70: 288 | M70: 367 | N70: 350 | O70: 396 | P70: 581 | Q70: 605 | R70: 494 | S70: 460 | T70: 475 | U70: 522 | V70: 512 | W70: 590 | X70: 514 | Y70: 616 | Z70: 653
... A78: Тюменская область | B78: 280.75504 | C78: 389.52789 | D78: 410.64802 | E78: 363.70197 | F78: 418.20447 | G78: 402 | H78: 518.41307 | I78: 622.60219 | J78: 664.5616 | K78: 596.12319 | L78: 535 | M78: 626 | N78: 735 | O78: 779 | P78: 886 | Q78: 942 | R78: 730 | S78: 669 | T78: 570 | U78: 682 | V78: 724 | W78: 728 | X78: 863 | Y78: 964 | Z78: 1000
A79: в том числе:
A80: Ханты-Мансийский автономный округ – Югра | B80: 258.96763 | C80: 493.16735 | D80: 479.64627 | E80: 403.21381 | F80: 482.75976 | G80: 397 | H80: 514.78433 | I80: 588.04731 | J80: 595.21425 | K80: 546.81112 | L80: 369 | M80: 489 | N80: 649 | O80: 655 | P80: 694 | Q80: 596 | R80: 455 | S80: 490 | T80: 351 | U80: 478 | V80: 587 | W80: 526 | X80: 510 | Y80: 547 | Z80: 551
A81: Ямало-Ненецкий автономный округ | B81: 194.65112 | C81: 235.27062 | D81: 356.98755 | E81: 249.5473 | F81: 294.70621 | G81: 354 | H81: 483.73157 | I81: 484.87329 | J81: 438.59565 | K81: 258.61707 | L81: 266 | M81: 317 | N81: 370 | O81: 463 | P81: 515 | Q81: 572 | R81: 444 | S81: 461 | T81: 364 | U81: 285 | V81: 328 | W81: 338 | X81: 371 | Y81: 564 | Z81: 639
A82: Тюменская область без автономных округов | B82: 334.3156 | C82: 339.23392 | D82: 357.14286 | E82: 559.60273 | F82: 614.19005 | G82: 425 | H82: 536.25262 | I82: 716.50537 | J82: 832.87812 | K82: 785.22468 | L82: 831 | M82: 902 | N82: 975 | O82: 1039 | P82: 1237 | Q82: 1458 | R82: 1132 | S82: 935 | T82: 874 | U82: 1030 | V82: 998 | W82: 1069 | X82: 1399 | Y82: 1542 | Z82: 1606
A83: Челябинская область | B83: 183.21468 | C83: 180.9398 | D83: 195.70578 | E83: 206.19673 | F83: 227.05444 | G83: 289 | H83: 352.1422 | I83: 478.98147 | J83: 580.4498 | K83: 410.78697 | L83: 308 | M83: 378 | N83: 481 | O83: 512 | P83: 573 | Q83: 509 | R83: 376 | S83: 405 | T83: 437 | U83: 434 | V83: 455 | W83: 503 | X83: 548 | Y83: 615 | Z83: 586
A84: Сибирский федеральный округ | B84: 139.05667 | C84: 126.72319 | D84: 143.21742 | E84: 167.64703 | F84: 201.13367 | G84: 233.03535 | H84: 290.44546 | I84: 371.64351 | J84: 383.87787 | K84: 333.04642 | L84: 352.53471 | M84: 385 | N84: 395 | O84: 426 | P84: 472 | Q84: 507 | R84: 466 | S84: 396 | T84: 389 | U84: 436 | V84: 442 | W84: 480 | X84: 496 | Y84: 602 | Z84: 598
A85: Республика Алтай | B85: 121.36162 | C85: 75.862069 | D85: 128.57143 | E85: 113.40943 | F85: 204.49292 | G85: 169 | H85: 234.00047 | I85: 255.88334 | J85: 286.40367 | K85: 296.04413 | L85: 332 | M85: 370 | N85: 388 | O85: 430 | P85: 480 | Q85: 541 | R85: 592 | S85: 620 | T85: 513 | U85: 470 | V85: 420 | W85: 717 | X85: 781 | Y85: 903 | Z85: 1064
A86: Республика Тыва | B86: 101.99412 | C86: 111.94763 | D86: 88.408644 | E86: 64.870178 | F86: 57.140605 | G86: 56 | H86: 79.63704 | I86: 109.21569 | J86: 146.11962 | K86: 164.21005 | L86: 161 | M86: 170 | N86: 179 | O86: 253 | P86: 295 | Q86: 345 | R86: 338 | S86: 314 | T86: 286 | U86: 341 | V86: 334 | W86: 324 | X86: 415 | Y86: 512 | Z86: 1009
A87: Республика Хакасия | B87: 236.37345 | C87: 119.56522 | D87: 183.96054 | E87: 183.69022 | F87: 192.33121 | G87: 226 | H87: 259.16369 | I87: 307.21504 | J87: 362.49741 | K87: 347.16808 | L87: 264 | M87: 293 | N87: 325 | O87: 379 | P87: 488 | Q87: 560 | R87: 355 | S87: 437 | T87: 348 | U87: 460 | V87: 535 | W87: 593 | X87: 604 | Y87: 704 | Z87: 692
A88: Алтайский край | B88: 156.81681 | C88: 167.00239 | D88: 142.39222 | E88: 162.25465 | F88: 138.5526 | G88: 158 | H88: 177.07103 | I88: 242.85098 | J88: 258.32093 | K88: 268.72435 | L88: 272 | M88: 264 | N88: 271 | O88: 281 | P88: 321 | Q88: 381 | R88: 326 | S88: 275 | T88: 347 | U88: 339 | V88: 374 | W88: 455 | X88: 431 | Y88: 445 | Z88: 415
A89: Красноярский край | B89: 147.2356 | C89: 125.73129 | D89: 165.48893 | E89: 195.22289 | F89: 227.22613 | G89: 270 | H89: 314.45 | I89: 407.9587 | J89: 388.59857 | K89: 303.80673 | L89: 349 | M89: 369 | N89: 379 | O89: 398 | P89: 420 | Q89: 458 | R89: 478 | S89: 367 | T89: 399 | U89: 590 | V89: 456 | W89: 471 | X89: 490 | Y89: 573 | Z89: 524
A90: Иркутская область | B90: 70.549818 | C90: 70.192234 | D90: 89.15672 | E90: 84.288499 | F90: 105.11432 | G90: 121 | H90: 133.52082 | I90: 233.6479 | J90: 238.55466 | K90: 246.36517 | L90: 258 | M90: 311 | N90: 359 | O90: 402 | P90: 346 | Q90: 382 | R90: 378 | S90: 404 | T90: 411 | U90: 427 | V90: 463 | W90: 507 | X90: 532 | Y90: 638 | Z90: 690
A91: Кемеровская область | B91: 114.36215 | C91: 134.98294 | D91: 159.45072 | E91: 178.05416 | F91: 204.38738 | G91: 227 | H91: 287.52097 | I91: 363.04644 | J91: 382.64489 | K91: 383.18195 | L91: 362 | M91: 393 | N91: 395 | O91: 399 | P91: 403 | Q91: 369 | R91: 402 | S91: 371 | T91: 239 | U91: 288 | V91: 313 | W91: 322 | X91: 306 | Y91: 353 | Z91: 368
... A106: Чукотский автономный округ | B106: 13.422819 | C106: 177.30496 | D106: 232.47232 | E106: 371.18112 | F106: 478.08151 | G106: 455 | H106: 125.35136 | I106: 124.83686 | J106: 30.486643 | K106: 77.432343 | L106: 6 | M106: 44 | N106: 24 | O106: 8 | P106: 36 | Q106: 44 | R106: 51 | S106: 85 | T106: 37 | U106: 27 | V106: 35 | W106: 63 | X106: 74 | Y106: 130 | Z106: 129

Sheet 14.4.1.
A2: Социально-экономические показатели по субъектам Российской Федерации
A3: 14. СТРОИТЕЛЬСТВО
A4: ЖИЛИЩНОЕ И СОЦИАЛЬНО-КУЛЬТУРНОЕ СТРОИТЕЛЬСТВО
A5: 14.4. ВВОД В ДЕЙСТВИЕ КВАРТИР
A6: 14.4.1. Всего
B7: 2000 | C7: 2001 | D7: 2002 | E7: 2003 | F7: 2004 | G7: 2005 | H7: 2006 | I7: 2007 | J7: 2008 | K7: 2009 | L7: 2010 | M7: 2011 | N7: 2012 | O7: 2013 | P7: 2014 | Q7: 2015 | R7: 2016 | S7: 2017 | T7: 2018 | U7: 2019 | V7: 2020 | W7: 2021 | X7: 2022 | Y7: 2023 | Z7: 2024
A8: Российская Федерация | B8: 373363 | C8: 381552 | D8: 396407 | E8: 426871 | F8: 477449 | G8: 515304 | H8: 608555 | I8: 722453 | J8: 768106 | K8: 701857 | L8: 716930 | M8: 785561 | N8: 838029 | O8: 929371 | P8: 1124446 | Q8: 1195042 | R8: 1167142 | S8: 1138997 | T8: 1075741 | U8: 1120333 | V8: 1121601 | W8: 1204647 | X8: 1290006.2 | Y8: 1449403.8 | Z8: 1358860.1
A9: Центральный федеральный округ | B9: 128478 | C9: 130268 | D9: 144065 | E9: 159008 | F9: 179155 | G9: 175892 | H9: 209685 | I9: 233610 | J9: 224193 | K9: 215926 | L9: 202683 | M9: 213985 | N9: 221038 | O9: 265279 | P9: 331076 | Q9: 343321 | R9: 334314 | S9: 331105 | T9: 319995 | U9: 331310 | V9: 332944 | W9: 377229 | X9: 409955.24 | Y9: 425801.39 | Z9: 367552.84
A10: Белгородская область | B10: 8700 | C10: 6624 | D10: 7860 | E10: 8329 | F10: 10062 | G10: 9624 | H10: 9957 | I10: 11857 | J10: 12251 | K10: 10996 | L10: 10898 | M10: 10538 | N10: 11104 | O10: 12662 | P10: 14801 | Q10: 15323 | R10: 13044 | S10: 12721 | T10: 11910 | U10: 12524 | V10: 11134 | W10: 10940 | X10: 8962.8684 | Y10: 10073 | Z10: 8478
A11: Брянская область | B11: 2876 | C11: 2737 | D11: 2736 | E11: 2498 | F11: 2586 | G11: 2111 | H11: 2878 | I11: 3651 | J11: 3939 | K11: 4765 | L11: 5008 | M11: 5647 | N11: 6084 | O11: 7389 | P11: 7789 | Q11: 9309 | R11: 11101 | S11: 9076 | T11: 6122 | U11: 5669 | V11: 5474 | W11: 5647 | X11: 4860 | Y11: 6869 | Z11: 5933
A12: Владимирская область | B12: 3796 | C12: 3313 | D12: 3320 | E12: 3459 | F12: 3727 | G12: 4306 | H12: 4149 | I12: 4587 | J12: 4691 | K12: 5715 | L12: 5947 | M12: 4980 | N12: 5626 | O12: 6450 | P12: 7396 | Q12: 8187 | R12: 8448 | S12: 8250 | T12: 7601 | U12: 7439 | V12: 7697 | W12: 8009 | X12: 12174 | Y12: 11018.342 | Z12: 8955
A13: Воронежская область | B13: 7208 | C13: 7083 | D13: 7517 | E13: 9239 | F13: 8179 | G13: 9943 | H13: 11685 | I13: 12362 | J13: 15503 | K13: 11534 | L13: 14533 | M13: 12700 | N13: 15581 | O13: 19411 | P13: 23021 | Q13: 24309 | R13: 26924 | S13: 24356 | T13: 22013 | U13: 25332 | V13: 21322 | W13: 23411 | X13: 24750.632 | Y13: 25061 | Z13: 24272.763
A14: Ивановская область | B14: 1297 | C14: 1140 | D14: 1154 | E14: 1208 | F14: 808 | G14: 1176 | H14: 2080 | I14: 1674 | J14: 2190 | K14: 2197 | L14: 2217 | M14: 2369 | N14: 2414 | O14: 2841 | P14: 3572 | Q14: 3863 | R14: 2823 | S14: 4148 | T14: 4562 | U14: 3543 | V14: 3541 | W14: 2991 | X14: 3449 | Y14: 5037 | Z14: 4479
A15: Калужская область | B15: 2886 | C15: 2507 | D15: 2543 | E15: 2371 | F15: 2410 | G15: 3060 | H15: 3312 | I15: 5674 | J15: 7493 | K15: 5028 | L15: 5805 | M15: 7532 | N15: 7827 | O15: 8254 | P15: 10022 | Q15: 10647 | R15: 10188 | S15: 11590 | T15: 10770 | U15: 9211 | V15: 9353 | W15: 10046 | X15: 8785 | Y15: 11756.474 | Z15: 9742.1053
A16: Костромская область | B16: 2466 | C16: 2618 | D16: 1485 | E16: 1209 | F16: 800 | G16: 1513 | H16: 1449 | I16: 1428 | J16: 1476 | K16: 2082 | L16: 1941 | M16: 1968 | N16: 2693 | O16: 2870 | P16: 4556 | Q16: 4990 | R16: 4477 | S16: 4424 | T16: 2465 | U16: 2538 | V16: 2994 | W16: 3974 | X16: 3697 | Y16: 3937 | Z16: 3273
A17: Курская область | B17: 2199 | C17: 2266 | D17: 2379 | E17: 3467 | F17: 3429 | G17: 3999 | H17: 4524 | I17: 5216 | J17: 5667 | K17: 6556 | L17: 5466 | M17: 6280 | N17: 6359 | O17: 6590 | P17: 8567 | Q17: 7436 | R17: 7905 | S17: 8110 | T17: 7046 | U17: 6097 | V17: 5663 | W17: 6635 | X17: 5065.5789 | Y17: 6395.4474 | Z17: 6992
A18: Липецкая область | B18: 4136 | C18: 4378 | D18: 3350 | E18: 3883 | F18: 4893 | G18: 5761 | H18: 6283 | I18: 6902 | J18: 6701 | K18: 5572 | L18: 5217 | M18: 5854 | N18: 5377 | O18: 5951 | P18: 7077 | Q18: 9746 | R18: 10004 | S18: 8576 | T18: 7853 | U18: 10311 | V18: 9725 | W18: 11438 | X18: 6922 | Y18: 6718 | Z18: 7830.7632
A19: Московская область | B19: 24889 | C19: 29163 | D19: 32857 | E19: 39053 | F19: 57831 | G19: 49217 | H19: 71347 | I19: 81219 | J19: 83026 | K19: 93041 | L19: 89283 | M19: 97348 | N19: 80339 | O19: 104309 | P19: 147523 | Q19: 135639 | R19: 127079 | S19: 129498 | T19: 127073 | U19: 115776 | V19: 124006 | W19: 112572 | X19: 162331.74 | Y19: 152226 | Z19: 114434
... A31: Архангельская область | B31: 1042 | C31: 1322 | D31: 1453 | E31: 1173 | F31: 1450 | G31: 1668 | H31: 2726 | I31: 3731 | J31: 5022 | K31: 3624 | L31: 3987 | M31: 4048 | N31: 4365 | O31: 4778 | P31: 5181 | Q31: 5539 | R31: 5283 | S31: 6393 | T31: 4566 | U31: 4984 | V31: 5948 | W31: 6484 | X31: 7014 | Y31: 7619 | Z31: 8400
A32: в том числе:
A33: Ненецкий автономный округ | B33: 181 | C33: 181 | D33: 70 | E33: 132 | F33: 109 | G33: 466 | H33: 557 | I33: 620 | J33: 1139 | K33: 762 | L33: 701 | M33: 488 | N33: 485 | O33: 485 | P33: 502 | Q33: 542 | R33: 282 | S33: 379 | T33: 257 | U33: 131 | V33: 329 | W33: 200 | X33: 456 | Y33: 193 | Z33: 327
A34: Архангельская область без автономного округа | B34: 861 | C34: 1141 | D34: 1383 | E34: 1041 | F34: 1341 | G34: 1202 | H34: 2169 | I34: 3111 | J34: 3883 | K34: 2862 | L34: 3286 | M34: 3560 | N34: 3880 | O34: 4293 | P34: 4679 | Q34: 4997 | R34: 5001 | S34: 6014 | T34: 4309 | U34: 4853 | V34: 5619 | W34: 6284 | X34: 6558 | Y34: 7426 | Z34: 8073
A35: Вологодская область | B35: 2547 | C35: 3349 | D35: 3019 | E35: 3277 | F35: 4265 | G35: 4306 | H35: 4672 | I35: 6658 | J35: 8642 | K35: 7571 | L35: 6494 | M35: 7044 | N35: 6027 | O35: 9664 | P35: 12774 | Q35: 15188 | R35: 13682 | S35: 9086 | T35: 8335 | U35: 8875 | V35: 7046 | W35: 7874 | X35: 8463 | Y35: 9879 | Z35: 9246
A36: Калининградская область | B36: 2008 | C36: 1992 | D36: 2212 | E36: 2089 | F36: 2595 | G36: 2843 | H36: 6630 | I36: 8971 | J36: 9355 | K36: 7341 | L36: 6709 | M36: 7294 | N36: 8235 | O36: 8751 | P36: 12927 | Q36: 16164 | R36: 17329 | S36: 12944 | T36: 13549 | U36: 14801 | V36: 16491 | W36: 16766 | X36: 16371.316 | Y36: 14520 | Z36: 15512
A37: Ленинградская область | B37: 5410 | C37: 5198 | D37: 4829 | E37: 4673 | F37: 5148 | G37: 5328 | H37: 7326 | I37: 9105 | J37: 10896 | K37: 12144 | L37: 12122 | M37: 14813 | N37: 14824 | O37: 21149 | P37: 26010 | Q37: 39812 | R37: 42589 | S37: 53985 | T37: 50954 | U37: 49884 | V37: 36490 | W37: 42469 | X37: 52268.711 | Y37: 60884.316 | Z37: 55409.263
A38: Мурманская область | B38: 467 | C38: 107 | D38: 60 | E38: 202 | F38: 137 | G38: 116 | H38: 173 | I38: 115 | J38: 56 | K38: 290 | L38: 397 | M38: 263 | N38: 436 | O38: 471 | P38: 398 | Q38: 626 | R38: 945 | S38: 1226 | T38: 500 | U38: 437 | V38: 369 | W38: 674 | X38: 4106.3421 | Y38: 664 | Z38: 904
A39: Новгородская область | B39: 1310 | C39: 1336 | D39: 1389 | E39: 1641 | F39: 2139 | G39: 2253 | H39: 2472 | I39: 3501 | J39: 4134 | K39: 3860 | L39: 3706 | M39: 3720 | N39: 4358 | O39: 4866 | P39: 4664 | Q39: 5161 | R39: 5555 | S39: 3379 | T39: 3578 | U39: 3318 | V39: 3417 | W39: 3523 | X39: 3832 | Y39: 4106 | Z39: 4099.8684
A40: Псковская область | B40: 1190 | C40: 1312 | D40: 1318 | E40: 1690 | F40: 1775 | G40: 1454 | H40: 1666 | I40: 1654 | J40: 2002 | K40: 2620 | L40: 2146 | M40: 2649 | N40: 3116 | O40: 2589 | P40: 4194 | Q40: 5500 | R40: 4542 | S40: 2965 | T40: 3700 | U40: 4053 | V40: 3600 | W40: 3674 | X40: 4114.7895 | Y40: 4664 | Z40: 4654
A41: г. Санкт-Петербург | B41: 15191 | C41: 15179 | D41: 16055 | E41: 23335 | F41: 27654 | G41: 33190 | H41: 34227 | I41: 38051 | J41: 48050 | K41: 38990 | L41: 42761 | M41: 45058 | N41: 41758 | O41: 42638 | P41: 54748 | Q41: 52157 | R41: 57421 | S41: 69508 | T41: 78174 | U41: 72752 | V41: 71904 | W41: 71673 | X41: 70253.053 | Y41: 79138.263 | Z41: 56345.368
A42: Южный федеральный округ | B42: 33474 | C42: 33138 | D42: 35278 | E42: 33361 | F42: 36861 | G42: 42080 | H42: 52608 | I42: 64508 | J42: 67968 | K42: 62364 | L42: 70812 | M42: 73217 | N42: 87651 | O42: 87203 | P42: 118038 | Q42: 117530 | R42: 122376 | S42: 131657 | T42: 124632 | U42: 136241 | V42: 153196 | W42: 157122 | X42: 167373.5 | Y42: 185608.39 | Z42: 174507.42
A43: Республика Адыгея | B43: 650 | C43: 843 | D43: 1653 | E43: 655 | F43: 310 | G43: 611 | H43: 282 | I43: 733 | J43: 777 | K43: 1313 | L43: 1608 | M43: 1398 | N43: 1298 | O43: 1210 | P43: 3028 | Q43: 4259 | R43: 3277 | S43: 4192 | T43: 2905 | U43: 4009 | V43: 3836 | W43: 4056 | X43: 5122 | Y43: 7442 | Z43: 6769
A44: Республика Калмыкия | B44: 441 | C44: 814 | D44: 683 | E44: 477 | F44: 500 | G44: 484 | H44: 692 | I44: 743 | J44: 672 | K44: 814 | L44: 1216 | M44: 1247 | N44: 993 | O44: 1412 | P44: 1548 | Q44: 1681 | R44: 884 | S44: 1184 | T44: 873 | U44: 1107 | V44: 968 | W44: 1120 | X44: 1155.3947 | Y44: 1417 | Z44: 1288
A45: Республика Крым | P45: 4523 | Q45: 2331 | R45: 3248 | S45: 7955 | T45: 8896 | U45: 8075 | V45: 8370 | W45: 9241 | X45: 9002 | Y45: 13248 | Z45: 14567
A46: Краснодарский край | B46: 13038 | C46: 12893 | D46: 15274 | E46: 14106 | F46: 15612 | G46: 17636 | H46: 24282 | I46: 31890 | J46: 34190 | K46: 30458 | L46: 37146 | M46: 38935 | N46: 48833 | O46: 45613 | P46: 56877 | Q46: 59274 | R46: 63922 | S46: 69594 | T46: 65821 | U46: 67988 | V46: 82221 | W46: 86202 | X46: 97182.105 | Y46: 103644.39 | Z46: 90650.395
A47: Астраханская область | B47: 3364 | C47: 3567 | D47: 3069 | E47: 3499 | F47: 3178 | G47: 4660 | H47: 4352 | I47: 4345 | J47: 2982 | K47: 4450 | L47: 4997 | M47: 4077 | N47: 3733 | O47: 5358 | P47: 6321 | Q47: 6357 | R47: 6759 | S47: 5442 | T47: 3634 | U47: 3607 | V47: 3823 | W47: 5224 | X47: 5334 | Y47: 5325 | Z47: 6150.0263
A48: Волгоградская область | B48: 4740 | C48: 4152 | D48: 4335 | E48: 3658 | F48: 5050 | G48: 5623 | H48: 6966 | I48: 8000 | J48: 8945 | K48: 7216 | L48: 7337 | M48: 6924 | N48: 10160 | O48: 9432 | P48: 13002 | Q48: 11316 | R48: 10557 | S48: 10383 | T48: 7895 | U48: 9959 | V48: 10611 | W48: 11084 | X48: 9335 | Y48: 12238 | Z48: 14684
A49: Ростовская область | B49: 11241 | C49: 10869 | D49: 10264 | E49: 10966 | F49: 12211 | G49: 13066 | H49: 16034 | I49: 18797 | J49: 20402 | K49: 18113 | L49: 18508 | M49: 20636 | N49: 22634 | O49: 24177 | P49: 28730 | Q49: 30479 | R49: 30025 | S49: 30592 | T49: 31938 | U49: 35229 | V49: 36347 | W49: 35207 | X49: 34430 | Y49: 37443 | Z49: 36310
A50: г. Севастополь | P50: 4009 | Q50: 1833 | R50: 3705 | S50: 2315 | T50: 2670 | U50: 6267 | V50: 7020 | W50: 4988 | X50: 5813 | Y50: 4851 | Z50: 4089
A51: Северо-Кавказский федеральный округ | B51: 13871 | C51: 14767 | D51: 13536 | E51: 15462 | F51: 15378 | G51: 16994 | H51: 17964 | I51: 22049 | J51: 24776 | K51: 25010 | L51: 30679 | M51: 32796 | N51: 35306 | O51: 37888 | P51: 45664 | Q51: 49309 | R51: 47944 | S51: 47234 | T51: 37216 | U51: 39632 | V51: 39237 | W51: 46306 | X51: 53237.816 | Y51: 67109 | Z51: 76930
A52: Республика Дагестан | B52: 3904 | C52: 5318 | D52: 4230 | E52: 4893 | F52: 5522 | G52: 5873 | H52: 5707 | I52: 6470 | J52: 7689 | K52: 9089 | L52: 9095 | M52: 10413 | N52: 10684 | O52: 10466 | P52: 11212 | Q52: 15506 | R52: 13213 | S52: 16194 | T52: 9145 | U52: 10164 | V52: 9835 | W52: 10848 | X52: 10147 | Y52: 15073 | Z52: 20853
A53: Республика Ингушетия | B53: 141 | C53: 241 | D53: 164 | E53: 240 | F53: 170 | G53: 306 | H53: 310 | I53: 1725 | J53: 547 | K53: 341 | L53: 1367 | M53: 681 | N53: 717 | O53: 2426 | P53: 2314 | Q53: 2725 | R53: 2762 | S53: 2638 | T53: 2108 | U53: 2697 | V53: 1537 | W53: 953 | X53: 1111 | Y53: 1335 | Z53: 1177
A54: Кабардино-Балкарская Республика | B54: 1562 | C54: 1791 | D54: 1684 | E54: 1985 | F54: 1751 | G54: 1750 | H54: 1526 | I54: 1666 | J54: 2009 | K54: 1710 | L54: 2489 | M54: 1872 | N54: 2010 | O54: 2233 | P54: 2385 | Q54: 2937 | R54: 3785 | S54: 4009 | T54: 3713 | U54: 4220 | V54: 5051 | W54: 5429 | X54: 5247 | Y54: 5413 | Z54: 6419
A55: Карачаево-Черкесская Республика | B55: 391 | C55: 600 | D55: 445 | E55: 564 | F55: 466 | G55: 521 | H55: 624 | I55: 690 | J55: 599 | K55: 658 | L55: 470 | M55: 505 | N55: 645 | O55: 821 | P55: 1266 | Q55: 1225 | R55: 1312 | S55: 2295 | T55: 1955 | U55: 1881 | V55: 864 | W55: 1628 | X55: 2189.8158 | Y55: 3176 | Z55: 3257
A56: Республика Северная Осетия – Алания | B56: 1402 | C56: 1479 | D56: 1185 | E56: 1338 | F56: 1342 | G56: 1250 | H56: 1874 | I56: 1747 | J56: 2157 | K56: 2214 | L56: 2450 | M56: 2104 | N56: 1537 | O56: 2721 | P56: 2149 | Q56: 2283 | R56: 2336 | S56: 2587 | T56: 2862 | U56: 2737 | V56: 2950 | W56: 3333 | X56: 3450 | Y56: 5409 | Z56: 6033
A57: Чеченская Республика | B57: - | C57: - | D57: - | E57: - | F57: - | G57: 453 | H57: 608 | I57: 383 | J57: 442 | K57: 583 | L57: 969 | M57: 937 | N57: 2973 | O57: 2867 | P57: 11031 | Q57: 7579 | R57: 8667 | S57: 7680 | T57: 4812 | U57: 4518 | V57: 4794 | W57: 7824 | X57: 13047 | Y57: 16898 | Z57: 18805
A58: Ставропольский край | B58: 6471 | C58: 5338 | D58: 5828 | E58: 6442 | F58: 6127 | G58: 6841 | H58: 7315 | I58: 9368 | J58: 11333 | K58: 10415 | L58: 13839 | M58: 16285 | N58: 16740 | O58: 16353 | P58: 15307 | Q58: 17054 | R58: 15868 | S58: 11831 | T58: 12621 | U58: 13415 | V58: 14206 | W58: 16291 | X58: 18046 | Y58: 19805 | Z58: 20386
A59: Приволжский федеральный округ | B59: 84580 | C59: 89631 | D59: 87064 | E59: 87826 | F59: 95821 | G59: 106165 | H59: 117054 | I59: 144299 | J59: 160516 | K59: 147899 | L59: 149382 | M59: 168497 | N59: 176107 | O59: 190174 | P59: 222954 | Q59: 238321 | R59: 233176 | S59: 220782 | T59: 202474 | U59: 211000 | V59: 197720 | W59: 210782 | X59: 214591 | Y59: 253048.18 | Z59: 245682.29
A60: Республика Башкортостан | B60: 15349 | C60: 17117 | D60: 16612 | E60: 17485 | F60: 18418 | G60: 19395 | H60: 21278 | I60: 22827 | J60: 27935 | K60: 24347 | L60: 23045 | M60: 23684 | N60: 27085 | O60: 29950 | P60: 32727 | Q60: 34528 | R60: 33980 | S60: 32401 | T60: 30611 | U60: 31872 | V60: 31944 | W60: 39002 | X60: 39626.211 | Y60: 43451 | Z60: 41343.263
A61: Республика Марий Эл | B61: 1636 | C61: 1871 | D61: 1684 | E61: 1668 | F61: 1917 | G61: 2131 | H61: 2635 | I61: 3332 | J61: 3546 | K61: 3413 | L61: 3184 | M61: 3692 | N61: 4290 | O61: 4749 | P61: 5687 | Q61: 6494 | R61: 7322 | S61: 7653 | T61: 4821 | U61: 5745 | V61: 5495 | W61: 4576 | X61: 4807 | Y61: 6664 | Z61: 5607.5526
A62: Республика Мордовия | B62: 2128 | C62: 2066 | D62: 1620 | E62: 1776 | F62: 1846 | G62: 2214 | H62: 2740 | I62: 3274 | J62: 3814 | K62: 3964 | L62: 3913 | M62: 5039 | N62: 3949 | O62: 4695 | P62: 4890 | Q62: 4773 | R62: 4399 | S62: 4565 | T62: 4070 | U62: 4452 | V62: 3812 | W62: 4009 | X62: 3900.6842 | Y62: 5050.4211 | Z62: 4375.4737
A63: Республика Татарстан | B63: 19411 | C63: 19046 | D63: 18692 | E63: 17682 | F63: 21466 | G63: 16674 | H63: 17980 | I63: 22656 | J63: 26626 | K63: 24004 | L63: 25444 | M63: 30479 | N63: 29538 | O63: 26806 | P63: 28874 | Q63: 30851 | R63: 33357 | S63: 32694 | T63: 32658 | U63: 38505 | V63: 34559 | W63: 32951 | X63: 32855 | Y63: 46872 | Z63: 38982
A64: Удмуртская Республика | B64: 3328 | C64: 3388 | D64: 3932 | E64: 3933 | F64: 4118 | G64: 4080 | H64: 4730 | I64: 5397 | J64: 5689 | K64: 5617 | L64: 6154 | M64: 6845 | N64: 7338 | O64: 8234 | P64: 10634 | Q64: 10418 | R64: 11060 | S64: 10005 | T64: 10893 | U64: 10999 | V64: 11344 | W64: 12048 | X64: 14357 | Y64: 18403 | Z64: 18831
A65: Чувашская Республика | B65: 5308 | C65: 5590 | D65: 6142 | E65: 5968 | F65: 6039 | G65: 8035 | H65: 8616 | I65: 10215 | J65: 9973 | K65: 9230 | L65: 8952 | M65: 8599 | N65: 9068 | O65: 10217 | P65: 12071 | Q65: 13262 | R65: 9910 | S65: 10121 | T65: 10447 | U65: 10862 | V65: 8715 | W65: 9209 | X65: 8642 | Y65: 9580.4211 | Z65: 10425
A66: Пермский край | B66: 4546 | C66: 6785 | D66: 4714 | E66: 5468 | F66: 5615 | G66: 8821 | H66: 9993 | I66: 11602 | J66: 10585 | K66: 8702 | L66: 10231 | M66: 10077 | N66: 11704 | O66: 13492 | P66: 15436 | Q66: 18057 | R66: 17574 | S66: 16420 | T66: 16188 | U66: 16462 | V66: 17164 | W66: 16831 | X66: 24557.105 | Y66: 23573.342 | Z66: 21870
A67: Кировская область | B67: 3140 | C67: 3261 | D67: 2514 | E67: 2332 | F67: 3372 | G67: 3737 | H67: 4710 | I67: 5331 | J67: 6429 | K67: 4716 | L67: 5834 | M67: 6973 | N67: 6953 | O67: 8624 | P67: 11923 | Q67: 12978 | R67: 12765 | S67: 8975 | T67: 8574 | U67: 7221 | V67: 6840 | W67: 7586 | X67: 6633 | Y67: 7751 | Z67: 7595
A68: Нижегородская область | B68: 7412 | C68: 6122 | D68: 5465 | E68: 6851 | F68: 8105 | G68: 8937 | H68: 10332 | I68: 13151 | J68: 16174 | K68: 17792 | L68: 18481 | M68: 19884 | N68: 20273 | O68: 17798 | P68: 21742 | Q68: 19193 | R68: 19142 | S68: 18748 | T68: 17448 | U68: 17329 | V68: 16596 | W68: 16734 | X68: 18261 | Y68: 20635 | Z68: 22404
A69: Оренбургская область | B69: 3722 | C69: 4614 | D69: 4589 | E69: 5132 | F69: 5126 | G69: 5495 | H69: 6449 | I69: 7729 | J69: 7926 | K69: 8169 | L69: 6210 | M69: 7774 | N69: 7814 | O69: 8527 | P69: 12866 | Q69: 15327 | R69: 14171 | S69: 12687 | T69: 11924 | U69: 13300 | V69: 12190 | W69: 12822 | X69: 10598 | Y69: 12027 | Z69: 13774
... A77: Тюменская область | B77: 13085 | C77: 18116 | D77: 19014 | E77: 16239 | F77: 19352 | G77: 18548 | H77: 23985 | I77: 29065 | J77: 31816 | K77: 27784 | L77: 26611 | M77: 31620 | N77: 39013 | O77: 42021 | P77: 47192 | Q77: 51759 | R77: 43916 | S77: 38549 | T77: 33156 | U77: 38698 | V77: 42238 | W77: 39931 | X77: 47728.158 | Y77: 53939.421 | Z77: 55687.184
A78: в том числе:
A79: Ханты-Мансийский автономный округ – Югра | B79: 5486 | C79: 11049 | D79: 10653 | E79: 8617 | F79: 10788 | G79: 8712 | H79: 11189 | I79: 12878 | J79: 13193 | K79: 11429 | L79: 8557 | M79: 11854 | N79: 15675 | O79: 15947 | P79: 16514 | Q79: 15002 | R79: 11879 | S79: 13058 | T79: 9200 | U79: 11823 | V79: 15863 | W79: 13514 | X79: 13488 | Y79: 13874 | Z79: 13562.816
A80: Ямало-Ненецкий автономный округ | B80: 1449 | C80: 1617 | D80: 2740 | E80: 1871 | F80: 2434 | G80: 3028 | H80: 4313 | I80: 3854 | J80: 3795 | K80: 2178 | L80: 2337 | M80: 2900 | N80: 3583 | O80: 4174 | P80: 4561 | Q80: 5096 | R80: 4199 | S80: 4548 | T80: 3122 | U80: 2395 | V80: 2719 | W80: 2762 | X80: 3382.1579 | Y80: 5132.4211 | Z80: 5422.3684
A81: Тюменская область без автономных округов | B81: 6150 | C81: 5450 | D81: 5621 | E81: 5841 | F81: 6130 | G81: 6808 | H81: 8483 | I81: 12333 | J81: 14828 | K81: 14177 | L81: 15717 | M81: 16866 | N81: 19755 | O81: 21900 | P81: 26116 | Q81: 31660 | R81: 27838 | S81: 20943 | T81: 20834 | U81: 24480 | V81: 23656 | W81: 23655 | X81: 30858 | Y81: 34933 | Z81: 36702
A82: Челябинская область | B82: 8870 | C82: 7963 | D82: 8488 | E82: 9293 | F82: 9913 | G82: 12133 | H82: 15265 | I82: 20788 | J82: 24321 | K82: 15144 | L82: 12385 | M82: 17671 | N82: 24276 | O82: 26316 | P82: 29086 | Q82: 25732 | R82: 20615 | S82: 21851 | T82: 21649 | U82: 20127 | V82: 21187 | W82: 20305 | X82: 22521.289 | Y82: 27696.632 | Z82: 24798
A83: Сибирский федеральный округ | B83: 33396 | C83: 29278 | D83: 32246 | E83: 37763 | F83: 45292 | G83: 55391 | H83: 70461 | I83: 85570 | J83: 89551 | K83: 77748 | L83: 87088 | M83: 96408 | N83: 100041 | O83: 110260 | P83: 120849 | Q83: 140037 | R83: 130794 | S83: 106816 | T83: 97611 | U83: 104574 | V83: 108713 | W83: 109100 | X83: 107378.71 | Y83: 132360.76 | Z83: 130876.5
A84: Республика Алтай | B84: 400 | C84: 245 | D84: 393 | E84: 325 | F84: 670 | G84: 540 | H84: 679 | I84: 819 | J84: 807 | K84: 867 | L84: 1065 | M84: 1197 | N84: 1266 | O84: 1392 | P84: 1602 | Q84: 1815 | R84: 1855 | S84: 1842 | T84: 1357 | U84: 1387 | V84: 1148 | W84: 1830 | X84: 1966 | Y84: 2043.7105 | Z84: 2753
A85: Республика Тыва | B85: 595 | C85: 580 | D85: 518 | E85: 301 | F85: 282 | G85: 302 | H85: 359 | I85: 505 | J85: 658 | K85: 750 | L85: 757 | M85: 744 | N85: 702 | O85: 937 | P85: 1146 | Q85: 1567 | R85: 1303 | S85: 1336 | T85: 1223 | U85: 1697 | V85: 1682 | W85: 1618 | X85: 1796 | Y85: 2418 | Z85: 3827
A86: Республика Хакасия | B86: 1511 | C86: 671 | D86: 981 | E86: 911 | F86: 1025 | G86: 1317 | H86: 1429 | I86: 1552 | J86: 2058 | K86: 1907 | L86: 1744 | M86: 1937 | N86: 2154 | O86: 2770 | P86: 3241 | Q86: 4320 | R86: 3255 | S86: 3702 | T86: 2236 | U86: 2887 | V86: 3817 | W86: 3185 | X86: 3935 | Y86: 4393 | Z86: 4537
A87: Алтайский край | B87: 4763 | C87: 4722 | D87: 4030 | E87: 4648 | F87: 3776 | G87: 4583 | H87: 5466 | I87: 7133 | J87: 7514 | K87: 8675 | L87: 9113 | M87: 8842 | N87: 8472 | O87: 9571 | P87: 11231 | Q87: 14048 | R87: 11802 | S87: 10107 | T87: 12906 | U87: 11092 | V87: 12175 | W87: 15172 | X87: 11974 | Y87: 11360 | Z87: 10451
A88: Красноярский край | B88: 6292 | C88: 5032 | D88: 6622 | E88: 7406 | F88: 8629 | G88: 11331 | H88: 13116 | I88: 16529 | J88: 16199 | K88: 11977 | L88: 14572 | M88: 15108 | N88: 16095 | O88: 16847 | P88: 17157 | Q88: 20620 | R88: 24516 | S88: 17892 | T88: 18067 | U88: 24757 | V88: 20285 | W88: 18858 | X88: 19768.263 | Y88: 22201.026 | Z88: 22196.5
A89: Иркутская область | B89: 2703 | C89: 2190 | D89: 2914 | E89: 2583 | F89: 2864 | G89: 3630 | H89: 4120 | I89: 7259 | J89: 7421 | K89: 8066 | L89: 10071 | M89: 11402 | N89: 13233 | O89: 13992 | P89: 13234 | Q89: 16202 | R89: 14694 | S89: 17160 | T89: 13474 | U89: 13390 | V89: 15142 | W89: 13653 | X89: 14624.605 | Y89: 17590 | Z89: 17226
A90: Кемеровская область | B90: 4431 | C90: 5523 | D90: 6142 | E90: 7071 | F90: 7712 | G90: 8968 | H90: 11660 | I90: 14318 | J90: 15129 | K90: 15139 | L90: 14713 | M90: 14986 | N90: 15059 | O90: 15889 | P90: 16862 | Q90: 15772 | R90: 16758 | S90: 14352 | T90: 8861 | U90: 10609 | V90: 10429 | W90: 10996 | X90: 10053.842 | Y90: 11057 | Z90: 11683
... A105: Чукотский автономный округ | B105: 8 | C105: 172 | D105: 205 | E105: 329 | F105: 396 | G105: 355 | H105: 149 | I105: 147 | J105: 28 | K105: 91 | L105: 8 | M105: 44 | N105: 26 | O105: 9 | P105: 32 | Q105: 44 | R105: 53 | S105: 74 | T105: 34 | U105: 21 | V105: 31 | W105: 52 | X105: 58 | Y105: 130 | Z105: 110

Sheet 14.4.2.
A2: Социально-экономические показатели по субъектам Российской Федерации
A3: 14. СТРОИТЕЛЬСТВО
A4: ЖИЛИЩНОЕ И СОЦИАЛЬНО-КУЛЬТУРНОЕ СТРОИТЕЛЬСТВО
A5: 14.4. ВВОД В ДЕЙСТВИЕ КВАРТИР
A6: 14.4.2. На 1000 человек населения
B7: 2000 | C7: 2001 | D7: 2002 | E7: 2003 | F7: 2004 | G7: 2005 | H7: 2006 | I7: 2007 | J7: 2008 | K7: 2009 | L7: 2010 | M7: 2011 | N7: 2012 | O7: 2013 | P7: 2014 | Q7: 2015 | R7: 2016 | S7: 2017 | T7: 2018 | U7: 2019 | V7: 2020 | W7: 2021 | X7: 2022 | Y7: 2023 | Z7: 2024
A8: Российская Федерация | B8: 2.5443921 | C8: 2.6137906 | D8: 2.7252738 | E8: 2.9519812 | F8: 3.3109522 | G8: 3.6 | H8: 4.2541527 | I8: 5.0558413 | J8: 5.3803228 | K8: 4.9164708 | L8: 5 | M8: 5.5 | N8: 5.8 | O8: 6.5 | P8: 7.7 | Q8: 8.1 | R8: 7.9 | S8: 7.7 | T8: 7.3 | U8: 7.6 | V8: 7.6 | W8: 8.2 | X8: 8.7926748 | Y8: 9.9071267 | Z8: 9.2986403
A9: Центральный федеральный округ | B9: 3.3631752 | C9: 3.4171524 | D9: 3.7904261 | E9: 4.1892783 | F9: 4.7140382 | G9: 4.6 | H9: 5.4968805 | I9: 6.11597 | J9: 5.8632978 | K9: 5.6378966 | L9: 5.3 | M9: 5.6 | N9: 5.7 | O9: 6.8 | P9: 8.4 | Q9: 8.7 | R9: 8.4 | S9: 8.3 | T9: 8 | U9: 8.2 | V9: 8.2 | W9: 9.4 | X9: 10.180381 | Y9: 10.58695 | Z9: 9.1320485
A10: Белгородская область | B10: 5.7834209 | C10: 4.3937384 | D10: 5.205298 | E10: 5.5053973 | F10: 6.6514142 | G10: 6.4 | H10: 6.5812521 | I10: 7.8154301 | J10: 8.0430415 | K10: 7.1915392 | L10: 7.1 | M10: 6.9 | N10: 7.2 | O10: 8.2 | P10: 9.6 | Q10: 9.9 | R10: 8.4 | S10: 8.2 | T10: 7.7 | U10: 8.1 | V10: 7.2 | W10: 7.1 | X10: 5.8753798 | Y10: 6.6815115 | Z10: 5.6848127
A11: Брянская область | B11: 2.0316474 | C11: 1.955419 | D11: 1.978022 | E11: 1.8265227 | F11: 1.9124531 | G11: 1.6 | H11: 2.1799727 | I11: 2.7911862 | J11: 3.0328065 | K11: 3.6926677 | L11: 3.9 | M11: 4.4 | N11: 4.8 | O11: 5.9 | P11: 6.3 | Q11: 7.6 | R11: 9.1 | S11: 7.5 | T11: 5.1 | U11: 4.8 | V11: 4.6 | W11: 4.8 | X11: 4.1948264 | Y11: 5.9862966 | Z11: 5.2153657
A12: Владимирская область | B12: 2.4227725 | C12: 2.1393517 | D12: 2.1705021 | E12: 2.2834487 | F12: 2.4787425 | G12: 2.9 | H12: 2.8011885 | I12: 3.1176468 | J12: 3.2078723 | K12: 3.9309285 | L12: 4.1 | M12: 3.5 | N12: 3.9 | O12: 4.5 | P12: 5.2 | Q12: 5.8 | R12: 6 | S12: 5.9 | T12: 5.5 | U12: 5.4 | V12: 5.6 | W12: 5.9 | X12: 9.1268128 | Y12: 8.3616337 | Z12: 6.8676526
A13: Воронежская область | B13: 2.9640595 | C13: 2.93937 | D13: 3.1507251 | E13: 3.8967355 | F13: 3.4566058 | G13: 4.2 | H13: 4.9568203 | I13: 5.2624208 | J13: 6.6203898 | K13: 4.9355013 | L13: 6.2 | M13: 5.4 | N13: 6.7 | O13: 8.3 | P13: 9.9 | Q13: 10.4 | R13: 11.5 | S13: 10.4 | T13: 9.4 | U13: 10.8 | V13: 9.2 | W13: 10.1 | X13: 10.78953 | Y13: 10.994806 | Z13: 10.708268
A14: Ивановская область | B14: 1.0928547 | C14: 0.97402597 | D14: 1.0006937 | E14: 1.0617139 | F14: 0.71893605 | G14: 1.1 | H14: 1.8980717 | I14: 1.542182 | J14: 2.0320866 | K14: 2.0512619 | L14: 2.1 | M14: 2.2 | N14: 2.3 | O14: 2.7 | P14: 3.5 | Q14: 3.8 | R14: 2.8 | S14: 4.2 | T14: 4.7 | U14: 3.7 | V14: 3.7 | W14: 3.2 | X14: 3.751278 | Y14: 5.5332616 | Z14: 4.9645587
A15: Калужская область | B15: 2.709096 | C15: 2.3765286 | D15: 2.4355905 | E15: 2.2905225 | F15: 2.3406739 | G15: 3 | H15: 3.241526 | I15: 5.5685648 | J15: 7.3701978 | K15: 4.9522455 | L15: 5.7 | M15: 7.4 | N15: 7.7 | O15: 8.1 | P15: 9.8 | Q15: 10.3 | R15: 9.8 | S15: 11 | T15: 10.2 | U15: 8.7 | V15: 8.9 | W15: 9.4 | X15: 8.1945575 | Y15: 10.991139 | Z15: 9.1260512
A16: Костромская область | B16: 3.2537274 | C16: 3.4953271 | D16: 2.0089286 | E16: 1.6588959 | F16: 1.1148893 | G16: 2.1 | H16: 2.0855282 | I16: 2.0797651 | J16: 2.1686588 | K16: 3.0827729 | L16: 2.9 | M16: 3 | N16: 4.1 | O16: 4.4 | P16: 7.1 | Q16: 7.9 | R16: 7.1 | S16: 7.1 | T16: 4 | U16: 4.2 | V16: 5 | W16: 6.8 | X16: 6.4301467 | Y16: 6.9181473 | Z16: 5.8078666
A17: Курская область | B17: 1.7259242 | C17: 1.8019881 | D17: 1.9188579 | E17: 2.8366067 | F17: 2.846607 | G17: 3.4 | H17: 3.8679725 | I17: 4.5093022 | J17: 4.9381619 | K17: 5.7551229 | L17: 4.8 | M17: 5.6 | N17: 5.7 | O17: 5.9 | P17: 7.7 | Q17: 6.7 | R17: 7.1 | S17: 7.3 | T17: 6.4 | U17: 5.5 | V17: 5.2 | W17: 6.1 | X17: 4.7227322 | Y17: 6.0109678 | Z17: 6.6253718
A18: Липецкая область | B18: 3.360143 | C18: 3.5759209 | D18: 2.755614 | E18: 3.2140315 | F18: 4.0709661 | G18: 4.8 | H18: 5.2703144 | I18: 5.8070416 | J18: 5.6579845 | K18: 4.7239715 | L18: 4.4 | M18: 5 | N18: 4.6 | O18: 5.1 | P18: 6.1 | Q18: 8.4 | R18: 8.6 | S18: 7.3 | T18: 6.7 | U18: 8.9 | V18: 8.4 | W18: 10 | X18: 6.11375 | Y18: 5.9914525 | Z18: 7.0402805
A19: Московская область | B19: 3.7592134 | C19: 4.4110841 | D19: 4.9685468 | E19: 5.8778447 | F19: 8.6263 | G19: 7.3 | H19: 10.468595 | I19: 11.820387 | J19: 11.986385 | K19: 13.308471 | L19: 12.6 | M19: 13.6 | N19: 11 | O19: 14 | P19: 19.4 | Q19: 17.5 | R19: 16.1 | S19: 16.1 | T19: 15.6 | U19: 13.9 | V19: 14.8 | W19: 13.3 | X19: 18.948502 | Y19: 17.65656 | Z19: 13.132959
... A31: Архангельская область | B31: 0.75523665 | C31: 0.97220179 | D31: 1.0831159 | E31: 0.88588341 | F31: 1.109085 | G31: 1.3 | H31: 2.1392943 | I31: 2.9566175 | J31: 4.0121948 | K31: 2.9182292 | L31: 3.2 | M31: 3.3 | N31: 3.7 | O31: 4.1 | P31: 4.5 | Q31: 4.9 | R31: 4.7 | S31: 5.8 | T31: 4.2 | U31: 4.7 | V31: 5.7 | W31: 6.3 | X31: 6.9386532 | Y31: 7.6047032 | Z31: 8.4528047
A32: в том числе:
A33: Ненецкий автономный округ | B33: 4.4038929 | C33: 4.4254279 | D33: 1.6949153 | E33: 3.1586504 | F33: 2.6018046 | G33: 11.1 | H33: 13.298634 | I33: 14.805263 | J33: 27.197402 | K33: 18.148907 | L33: 16.6 | M33: 11.6 | N33: 11.5 | O33: 11.5 | P33: 11.9 | Q33: 12.8 | R33: 6.7 | S33: 9 | T33: 6.1 | U33: 3.1 | V33: 7.9 | W33: 4.8 | X33: 11.013163 | Y33: 4.6167831 | Z33: 7.7736836
A34: Архангельская область без автономного округа | B34: 0.64320932 | C34: 0.86511487 | D34: 1.0636825 | E34: 0.81181491 | F34: 1.0596686 | G34: 1 | H34: 1.7600262 | I34: 2.5499206 | J34: 3.2096082 | K34: 2.3852723 | L34: 2.8 | M34: 3 | N34: 3.4 | O34: 3.8 | P34: 4.2 | Q34: 4.6 | R34: 4.6 | S34: 5.7 | T34: 4.1 | U34: 4.7 | V34: 5.6 | W34: 6.4 | X34: 6.7646325 | Y34: 7.7348043 | Z34: 8.4828221
A35: Вологодская область | B35: 1.9667954 | C35: 2.6072402 | D35: 2.3721223 | E35: 2.5979359 | F35: 3.4096923 | G35: 3.5 | H35: 3.7972626 | I35: 5.444983 | J35: 7.1013308 | K35: 6.2505728 | L35: 5.4 | M35: 5.9 | N35: 5 | O35: 8.1 | P35: 10.7 | Q35: 12.8 | R35: 11.5 | S35: 7.7 | T35: 7.1 | U35: 7.6 | V35: 6.1 | W35: 6.9 | X35: 7.4655766 | Y35: 8.7808494 | Z35: 8.2674852
A36: Калининградская область | B36: 2.0958146 | C36: 2.0825928 | D36: 2.3167155 | E36: 2.1966582 | F36: 2.7460521 | G36: 3 | H36: 7.0874828 | I36: 9.5965615 | J36: 9.9951387 | K36: 7.8293728 | L36: 7.1 | M36: 7.7 | N36: 8.7 | O36: 9.1 | P36: 13.4 | Q36: 16.6 | R36: 17.6 | S36: 13 | T36: 13.5 | U36: 14.7 | V36: 16.2 | W36: 16.3 | X36: 15.868891 | Y36: 14.054392 | Z36: 15.010514
A37: Ленинградская область | B37: 3.2135432 | C37: 3.100507 | D37: 2.8917899 | E37: 2.7978367 | F37: 3.0690976 | G37: 3.2 | H37: 4.3394201 | I37: 5.3817019 | J37: 6.4255209 | K37: 7.135546 | L37: 7.1 | M37: 8.6 | N37: 8.4 | O37: 11.9 | P37: 14.5 | Q37: 21.9 | R37: 23.3 | S37: 29.1 | T37: 26.9 | U37: 25.8 | V37: 18.6 | W37: 21.3 | X37: 25.941171 | Y37: 29.995761 | Z37: 27.060325
A38: Мурманская область | B38: 0.50107296 | C38: 0.11702942 | D38: 0.066830029 | E38: 0.22916083 | F38: 0.15837381 | G38: 0.1 | H38: 0.20800694 | I38: 0.14031937 | J38: 0.069106198 | K38: 0.36129913 | L38: 0.5 | M38: 0.3 | N38: 0.6 | O38: 0.6 | P38: 0.5 | Q38: 0.8 | R38: 1.3 | S38: 1.7 | T38: 0.7 | U38: 0.6 | V38: 0.5 | W38: 1 | X38: 6.2032242 | Y38: 1.0097815 | Z38: 1.3824723
A39: Новгородская область | B39: 1.8337066 | C39: 1.893424 | D39: 1.994257 | E39: 2.3867286 | F39: 3.1514184 | G39: 3.4 | H39: 3.7363966 | I39: 5.3459278 | J39: 6.3719204 | K39: 6.0074735 | L39: 5.8 | M39: 5.9 | N39: 6.9 | O39: 7.8 | P39: 7.5 | Q39: 8.4 | R39: 9.1 | S39: 5.6 | T39: 6 | U39: 5.6 | V39: 5.8 | W39: 6 | X39: 6.6211434 | Y39: 7.1572129 | Z39: 7.2028229
A40: Псковская область | B40: 1.5111111 | C40: 1.6913755 | D40: 1.7253567 | E40: 2.2460442 | F40: 2.3965921 | G40: 2 | H40: 2.331694 | I40: 2.3497222 | J40: 2.8807289 | K40: 3.8186074 | L40: 3.2 | M40: 4 | N40: 4.7 | O40: 4 | P40: 6.5 | Q40: 8.6 | R40: 7.1 | S40: 4.7 | T40: 6 | U40: 6.6 | V40: 5.9 | W40: 6.1 | X40: 6.9466448 | Y40: 7.9799202 | Z40: 8.054495
A41: г. Санкт-Петербург | B41: 3.2127147 | C41: 3.2284754 | D41: 3.4361356 | E41: 5.0083103 | F41: 5.9162255 | G41: 7.1 | H41: 7.2358432 | I41: 8.0002826 | J41: 10.04854 | K41: 8.0963741 | L41: 8.8 | M41: 9.1 | N41: 8.3 | O41: 8.3 | P41: 10.5 | Q41: 9.8 | R41: 10.7 | S41: 12.8 | T41: 14.2 | U41: 13.1 | V41: 12.9 | W41: 12.8 | X41: 12.536278 | Y41: 14.134602 | Z41: 10.016344
A42: Южный федеральный округ | B42: 2.3776174 | C42: 2.3610973 | D42: 2.5232275 | E42: 2.3948923 | F42: 2.6540967 | G42: 3 | H42: 3.8042421 | I42: 4.6664931 | J42: 4.9125036 | K42: 4.5030974 | L42: 5.1 | M42: 5.3 | N42: 6.3 | O42: 6.2 | P42: 7.2 | Q42: 7.2 | R42: 7.4 | S42: 7.9 | T42: 7.5 | U42: 8.1 | V42: 9.1 | W42: 9.4 | X42: 10.034305 | Y42: 11.159 | Z42: 10.508333
A43: Республика Адыгея | B43: 1.4502454 | C43: 1.885906 | D43: 3.7004701 | E43: 1.4691435 | F43: 0.69808185 | G43: 1.4 | H43: 0.64120346 | I43: 1.6725537 | J43: 1.7713843 | K43: 2.98701 | L43: 3.7 | M43: 3.2 | N43: 2.9 | O43: 2.7 | P43: 6.6 | Q43: 9.2 | R43: 7 | S43: 8.9 | T43: 6.1 | U43: 8.3 | V43: 7.8 | W43: 8.2 | X43: 10.282353 | Y43: 14.905225 | Z43: 13.520126
A44: Республика Калмыкия | B44: 1.4327485 | C44: 2.6917989 | D44: 2.3176111 | E44: 1.6335113 | F44: 1.7083854 | G44: 1.6 | H44: 2.3596567 | I44: 2.5416221 | J44: 2.3095482 | K44: 2.8071385 | L44: 4.2 | M44: 4.3 | N44: 3.5 | O44: 5 | P44: 5.5 | Q44: 6 | R44: 3.2 | S44: 4.3 | T44: 3.2 | U44: 4.1 | V44: 3.6 | W44: 4.2 | X44: 4.3524578 | Y44: 5.3345481 | Z44: 4.8207382
A45: Республика Крым | M45: 0 | N45: 0 | O45: 0 | P45: 2.4 | Q45: 1.2 | R45: 1.7 | S45: 4.1 | T45: 4.6 | U45: 4.2 | V45: 4.3 | W45: 4.8 | X45: 4.6789206 | Y45: 6.9246981 | Z45: 7.6432125
A46: Краснодарский край | B46: 2.5399856 | C46: 2.512178 | D46: 2.9798857 | E46: 2.7564881 | F46: 3.0510637 | G46: 3.4 | H46: 4.7286498 | I46: 6.18407 | J46: 6.5971232 | K46: 5.8524344 | L46: 7.1 | M46: 7.4 | N46: 9.2 | O46: 8.4 | P46: 10.4 | Q46: 10.7 | R46: 11.4 | S46: 12.3 | T46: 11.5 | U46: 11.8 | V46: 14.2 | W46: 14.8 | X46: 16.681639 | Y46: 17.789447 | Z46: 15.528656
A47: Астраханская область | B47: 3.328057 | C47: 3.5407981 | D47: 3.0534275 | E47: 3.4801134 | F47: 3.1581981 | G47: 4.6 | H47: 4.3437122 | I47: 4.3294227 | J47: 2.9585946 | K47: 4.4036603 | L47: 4.9 | M47: 4 | N47: 3.7 | O47: 5.3 | P47: 6.3 | Q47: 6.3 | R47: 6.7 | S47: 5.4 | T47: 3.7 | U47: 3.7 | V47: 3.9 | W47: 5.4 | X47: 5.590234 | Y47: 5.614169 | Z47: 6.4976163
A48: Волгоградская область | B48: 1.7349927 | C48: 1.5278749 | D48: 1.6044265 | E48: 1.3632407 | F48: 1.8954308 | G48: 2.1 | H48: 2.6434667 | I48: 3.0458275 | J48: 3.413347 | K48: 2.7582896 | L48: 2.8 | M48: 2.7 | N48: 3.9 | O48: 3.6 | P48: 5 | Q48: 4.4 | R48: 4.1 | S48: 4.1 | T48: 3.1 | U48: 3.9 | V48: 4.2 | W48: 4.4 | X48: 3.7619407 | Y48: 4.9707999 | Z48: 6.0082521
A49: Ростовская область | B49: 2.5278284 | C49: 2.4543299 | D49: 2.3289163 | E49: 2.5001733 | F49: 2.798046 | G49: 3 | H49: 3.7085291 | I49: 4.3651704 | J49: 4.7501293 | K49: 4.2235012 | L49: 4.3 | M49: 4.8 | N49: 5.3 | O49: 5.7 | P49: 6.8 | Q49: 7.2 | R49: 7.1 | S49: 7.2 | T49: 7.5 | U49: 8.3 | V49: 8.6 | W49: 8.4 | X49: 8.2399271 | Y49: 9.0038985 | Z49: 8.7601081
A50: г. Севастополь | P50: 10.4 | Q50: 4.4 | R50: 8.3 | S50: 4.9 | T50: 5.5 | U50: 12.3 | V50: 13.3 | W50: 9.2 | X50: 10.514359 | Y50: 8.6652234 | Z50: 7.3038986
A51: Северо-Кавказский федеральный округ | B51: 1.5992575 | C51: 1.683367 | D51: 1.5224384 | E51: 1.7271433 | F51: 1.7123126 | G51: 1.9 | H51: 1.981983 | I51: 2.4126914 | J51: 2.6850808 | K51: 2.6862468 | L51: 3.3 | M51: 3.5 | N51: 3.7 | O51: 3.9 | P51: 4.7 | Q51: 5 | R51: 4.9 | S51: 4.8 | T51: 3.7 | U51: 3.9 | V51: 3.9 | W51: 4.6 | X51: 5.2245583 | Y51: 6.5610419 | Z51: 7.4827286
A52: Республика Дагестан | B52: 1.5842227 | C52: 2.1178813 | D52: 1.6531186 | E52: 1.8823162 | F52: 2.0955514 | G52: 2.2 | H52: 2.1026237 | I52: 2.3423206 | J52: 2.738675 | K52: 3.1917636 | L52: 3.1 | M52: 3.6 | N52: 3.6 | O52: 3.5 | P52: 3.7 | Q52: 5.1 | R52: 4.3 | S52: 5.3 | T52: 3 | U52: 3.3 | V52: 3.1 | W52: 3.4 | X52: 3.1725813 | Y52: 4.6795997 | Z52: 6.4241016
A53: Республика Ингушетия | B53: 0.35905271 | C53: 0.53496115 | D53: 0.35490154 | E53: 0.52133906 | F53: 0.3839127 | G53: 0.7 | H53: 0.7523085 | I53: 4.2416642 | J53: 1.3409656 | K53: 0.83074892 | L53: 3.3 | M53: 1.6 | N53: 1.6 | O53: 5.5 | P53: 5.1 | Q53: 5.9 | R53: 5.9 | S53: 5.5 | T53: 4.4 | U53: 5.5 | V53: 3.1 | W53: 1.9 | X53: 2.1564567 | Y53: 2.5518543 | Z53: 2.2171738
A54: Кабардино-Балкарская Республика | B54: 1.7691698 | C54: 2.0112296 | D54: 1.8759051 | E54: 2.2170225 | F54: 1.9819485 | G54: 2 | H54: 1.7696673 | I54: 1.9420169 | J54: 2.3422999 | K54: 1.9910322 | L54: 2.9 | M54: 2.2 | N54: 2.3 | O54: 2.6 | P54: 2.7 | Q54: 3.4 | R54: 4.3 | S54: 4.5 | T54: 4.2 | U54: 4.7 | V54: 5.6 | W54: 6 | X54: 5.8054751 | Y54: 5.9854152 | Z54: 7.078434
A55: Карачаево-Черкесская Республика | B55: 0.88803089 | C55: 1.3630168 | D55: 1.0129752 | E55: 1.2771826 | F55: 1.0418506 | G55: 1.2 | H55: 1.3622402 | I55: 1.4870433 | J55: 1.2793268 | K55: 1.3942805 | L55: 1 | M55: 1.1 | N55: 1.4 | O55: 1.7 | P55: 2.7 | Q55: 2.6 | R55: 2.8 | S55: 4.9 | T55: 4.2 | U55: 4 | V55: 1.8 | W55: 3.5 | X55: 4.6714077 | Y55: 6.7807756 | Z55: 6.952568
A56: Республика Северная Осетия – Алания | B56: 2.0057225 | C56: 2.0919378 | D56: 1.6697196 | E56: 1.8880305 | F56: 1.8980646 | G56: 1.8 | H56: 2.647461 | I56: 2.4600263 | J56: 3.0312612 | K56: 3.1108919 | L56: 3.4 | M56: 3 | N56: 2.2 | O56: 3.9 | P56: 3.1 | Q56: 3.2 | R56: 3.3 | S56: 3.7 | T56: 4.1 | U56: 3.9 | V56: 4.3 | W56: 4.8 | X56: 5.0507195 | Y56: 7.9565998 | Z56: 8.8870492
A57: Чеченская Республика | B57: - | C57: - | D57: - | E57: - | F57: - | G57: 0.4 | H57: 0.52316601 | I57: 0.32335738 | J57: 0.36509162 | K57: 0.47124668 | L57: 0.8 | M57: 0.7 | N57: 2.3 | O57: 2.1 | P57: 8.1 | Q57: 5.5 | R57: 6.2 | S57: 5.4 | T57: 3.3 | U57: 3.1 | V57: 3.2 | W57: 5.2 | X57: 8.5615517 | Y57: 10.951124 | Z57: 12.018209
A58: Ставропольский край | B58: 2.3609034 | C58: 1.9492423 | D58: 2.1314413 | E58: 2.3547181 | F58: 2.2360579 | G58: 2.5 | H58: 2.6629283 | I58: 3.4023673 | J58: 4.1007408 | K58: 3.7563247 | L58: 5 | M58: 5.8 | N58: 6 | O58: 5.8 | P58: 5.4 | Q58: 6 | R58: 5.5 | S58: 4.1 | T58: 4.4 | U58: 4.6 | V58: 4.9 | W58: 5.6 | X58: 6.2295703 | Y58: 6.8561296 | Z58: 7.065629
A59: Приволжский федеральный округ | B59: 2.6751093 | C59: 2.8523376 | D59: 2.7895919 | E59: 2.833204 | F59: 3.112492 | G59: 3.5 | H59: 3.8557072 | I59: 4.7772497 | J59: 5.3327755 | K59: 4.9261788 | L59: 5 | M59: 5.6 | N59: 5.9 | O59: 6.4 | P59: 7.5 | Q59: 8 | R59: 7.9 | S59: 7.5 | T59: 6.9 | U59: 7.2 | V59: 6.8 | W59: 7.3 | X59: 7.4571897 | Y59: 8.8441157 | Z59: 8.6280739
A60: Республика Башкортостан | B60: 3.7277474 | C60: 4.1629983 | D60: 4.0464765 | E60: 4.2664614 | F60: 4.5056219 | G60: 4.8 | H60: 5.2410829 | I60: 5.6305545 | J60: 6.8854651 | K60: 5.9909561 | L60: 5.7 | M60: 5.8 | N60: 6.6 | O60: 7.3 | P60: 8 | Q60: 8.4 | R60: 8.3 | S60: 7.9 | T60: 7.4 | U60: 7.7 | V60: 7.8 | W60: 9.5 | X60: 9.7013449 | Y60: 10.673351 | Z60: 10.199728
A61: Республика Марий Эл | B61: 2.2063385 | C61: 2.542465 | D61: 2.3074815 | E61: 1.8906591 | F61: 2.6607188 | G61: 2.5 | H61: 3.7061312 | I61: 4.7145584 | J61: 5.0420957 | K61: 4.8722411 | L61: 4.6 | M61: 5.3 | N61: 6.2 | O61: 6.9 | P61: 8.2 | Q61: 9.4 | R61: 10.6 | S61: 11.1 | T61: 7 | U61: 8.4 | V61: 8.1 | W61: 6.7 | X61: 7.1284938 | Y61: 9.9301433 | Z61: 8.394188
A62: Республика Мордовия | B62: 2.330012 | C62: 2.2889431 | D62: 1.8167545 | E62: 0.47041548 | F62: 2.1095359 | G62: 0.6 | H62: 3.1812229 | I62: 3.8302208 | J62: 4.4959979 | K62: 4.7074304 | L62: 4.7 | M62: 6.1 | N62: 4.8 | O62: 5.7 | P62: 6 | Q62: 5.9 | R62: 5.4 | S62: 5.6 | T62: 5 | U62: 5.6 | V62: 4.8 | W62: 5.1 | X62: 5.0240199 | Y62: 6.570662 | Z62: 5.7391315
A63: Республика Татарстан | B63: 5.1239342 | C63: 5.0327661 | D63: 4.9452352 | E63: 4.6834946 | F63: 5.6929388 | G63: 4.4 | H63: 4.7789243 | I63: 6.0176226 | J63: 7.0623147 | K63: 6.3519584 | L63: 6.7 | M63: 8 | N63: 7.7 | O63: 7 | P63: 7.4 | Q63: 7.9 | R63: 8.5 | S63: 8.3 | T63: 8.2 | U63: 9.7 | V63: 8.6 | W63: 8.2 | X63: 8.2119967 | Y63: 11.711207 | Z63: 9.7180199
A64: Удмуртская Республика | B64: 2.0907149 | C64: 2.1401049 | D64: 2.4993644 | E64: 3.0099067 | F64: 2.6436548 | G64: 3.2 | H64: 3.0670252 | I64: 3.5141889 | J64: 3.7168649 | K64: 3.6792351 | L64: 4 | M64: 4.5 | N64: 4.9 | O64: 5.5 | P64: 7.1 | Q64: 6.9 | R64: 7.4 | S64: 6.7 | T64: 7.3 | U64: 7.4 | V64: 7.7 | W64: 8.3 | X64: 9.9315232 | Y64: 12.794041 | Z64: 13.160074
A65: Чувашская Республика | B65: 3.987979 | C65: 4.2233303 | D65: 4.6685923 | E65: 2.1326404 | F65: 4.6584713 | G65: 2.9 | H65: 6.7642362 | I65: 8.0698996 | J65: 7.9111426 | K65: 7.342617 | L65: 7.1 | M65: 6.9 | N65: 7.3 | O65: 8.3 | P65: 9.8 | Q65: 10.8 | R65: 8.1 | S65: 8.3 | T65: 8.6 | U65: 9 | V65: 7.3 | W65: 7.7 | X65: 7.3327829 | Y65: 8.1875613 | Z65: 8.960689
A66: Пермский край | B66: 1.5846347 | C66: 2.3824572 | D66: 1.6684363 | E66: 3.6803482 | F66: 2.0290499 | G66: 6.2 | H66: 3.69402 | I66: 4.3246217 | J66: 3.9686438 | K66: 3.2781994 | L66: 3.9 | M66: 3.8 | N66: 4.5 | O66: 5.1 | P66: 5.9 | Q66: 6.9 | R66: 6.7 | S66: 6.3 | T66: 6.2 | U66: 6.4 | V66: 6.7 | W66: 6.6 | X66: 9.7574632 | Y66: 9.4225187 | Z66: 8.785073
A67: Кировская область | B67: 2.0320994 | C67: 2.1347211 | D67: 1.6663353 | E67: 0.66659501 | F67: 2.3113019 | G67: 1.1 | H67: 3.3467606 | I67: 3.8416084 | J67: 4.685201 | K67: 3.4705869 | L67: 4.3 | M67: 5.2 | N67: 5.3 | O67: 6.7 | P67: 9.3 | Q67: 10.3 | R67: 10.2 | S67: 7.3 | T67: 7 | U67: 6 | V67: 5.8 | W67: 6.5 | X67: 5.7998818 | Y67: 6.8349584 | Z67: 6.7500731
A68: Нижегородская область | B68: 2.0523897 | C68: 1.7126392 | D68: 1.5458814 | E68: 3.1674026 | F68: 2.339451 | G68: 4.2 | H68: 3.0394126 | I68: 3.8982235 | J68: 4.8233544 | K68: 5.3345071 | L68: 5.6 | M68: 6 | N68: 6.2 | O68: 5.4 | P68: 6.7 | Q68: 5.9 | R68: 5.9 | S68: 5.8 | T68: 5.5 | U68: 5.4 | V68: 5.3 | W68: 5.4 | X68: 5.899462 | Y68: 6.7191434 | Z68: 7.3458676
A69: Оренбургская область | B69: 1.6861466 | C69: 2.1003277 | D69: 2.1022493 | E69: 3.5525159 | F69: 2.3995869 | G69: 3.9 | H69: 3.0994481 | I69: 3.7486735 | J69: 3.866383 | K69: 3.998238 | L69: 3 | M69: 3.8 | N69: 3.9 | O69: 4.3 | P69: 6.5 | Q69: 7.8 | R69: 7.2 | S69: 6.5 | T69: 6.2 | U69: 7 | V69: 6.5 | W69: 6.9 | X69: 5.7330523 | Y69: 6.5541627 | Z69: 7.5566018
... A77: Тюменская область | B77: 4.0557295 | C77: 5.5863579 | D77: 5.8312632 | E77: 4.9573244 | F77: 5.891027 | G77: 5.6 | H77: 7.2676004 | I77: 8.7580741 | J77: 9.5224698 | K77: 8.2561621 | L77: 7.8 | M77: 9.2 | N77: 11.2 | O77: 11.9 | P77: 13.2 | Q77: 14.4 | R77: 12 | S77: 10.5 | T77: 8.9 | U77: 10.3 | V77: 11.2 | W77: 10.5 | X77: 12.430969 | Y77: 13.934173 | Z77: 14.237702
A78: в том числе:
A79: Ханты-Мансийский автономный округ – Югра | B79: 3.9997084 | C79: 7.9051299 | D79: 7.4768389 | E79: 5.9607024 | F79: 7.3998469 | G79: 5.9 | H79: 7.6038573 | I79: 8.6824963 | J79: 8.8083697 | K79: 7.55501 | L79: 5.6 | M79: 7.6 | N79: 10 | O79: 10 | P79: 10.3 | Q79: 9.2 | R79: 7.2 | S79: 7.9 | T79: 5.5 | U79: 7 | V79: 9.4 | W79: 7.9 | X79: 7.8324888 | Y79: 7.9513133 | Z79: 7.6600804
A80: Ямало-Ненецкий автономный округ | B80: 2.9137342 | C80: 3.2294787 | D80: 5.4160901 | E80: 3.6706211 | F80: 4.747286 | G80: 5.9 | H80: 8.3021657 | I80: 7.3716042 | J80: 7.249436 | K80: 4.1600293 | L80: 4.5 | M80: 5.5 | N80: 6.7 | O80: 7.9 | P80: 8.7 | Q80: 9.8 | R80: 8.2 | S80: 8.9 | T80: 6.1 | U80: 4.7 | V80: 5.3 | W80: 5.4 | X80: 6.6081649 | Y80: 9.9818759 | Z80: 10.437005
A81: Тюменская область без автономных округов | B81: 4.5307205 | C81: 4.0535515 | D81: 4.2263158 | E81: 4.4236561 | F81: 4.6636752 | G81: 5.2 | H81: 6.4791781 | I81: 9.3957052 | J81: 11.234346 | K81: 10.668069 | L81: 11.8 | M81: 12.5 | N81: 14.3 | O81: 15.5 | P81: 18.2 | Q81: 21.7 | R81: 18.7 | S81: 13.8 | T81: 13.5 | U81: 15.6 | V81: 14.9 | W81: 14.8 | X81: 19.219187 | Y81: 21.670945 | Z81: 22.63975
A82: Челябинская область | B82: 2.4288061 | C82: 2.1920335 | D82: 2.3515722 | E82: 2.5932957 | F82: 2.7880474 | G82: 3.4 | H82: 4.3529441 | I82: 5.9512682 | J82: 6.9748614 | K82: 4.3475839 | L82: 3.6 | M82: 5.1 | N82: 7 | O82: 7.5 | P82: 8.3 | Q82: 7.4 | R82: 5.9 | S82: 6.2 | T82: 6.2 | U82: 5.8 | V82: 6.1 | W82: 5.9 | X82: 6.5960674 | Y82: 8.1425429 | Z82: 7.3140496
A83: Сибирский федеральный округ | B83: 1.833736 | C83: 1.618338 | D83: 1.7952144 | E83: 2.1196821 | F83: 2.5657643 | G83: 3.2 | H83: 4.062869 | I83: 4.9595358 | J83: 5.20149 | K83: 4.5183383 | L83: 5.0658432 | M83: 5.6 | N83: 5.8 | O83: 6.4 | P83: 7 | Q83: 8.1 | R83: 7.6 | S83: 6.2 | T83: 5.7 | U83: 6.1 | V83: 6.4 | W83: 6.5 | X83: 6.429031 | Y83: 7.970432 | Z83: 7.9175045
A84: Республика Алтай | B84: 1.9733596 | C84: 1.2068966 | D84: 1.9359606 | E84: 1.6025246 | F84: 3.3094264 | G84: 2.7 | H84: 3.3662355 | I84: 4.0457231 | J84: 3.9576672 | K84: 4.2285051 | L84: 5.2 | M84: 5.8 | N84: 6.1 | O84: 6.7 | P84: 7.7 | Q84: 8.6 | R84: 8.8 | S84: 8.7 | T84: 6.4 | U84: 6.6 | V84: 5.4 | W84: 8.7 | X84: 9.3268624 | Y84: 9.6965394 | Z84: 13.082735
A85: Республика Тыва | B85: 1.9450801 | C85: 1.898527 | D85: 1.6961362 | E85: 0.98615775 | F85: 0.92607188 | G85: 1 | H85: 1.1862945 | I85: 1.6662817 | J85: 2.1606002 | K85: 2.4484599 | L85: 2.5 | M85: 2.4 | N85: 2.3 | O85: 3 | P85: 3.7 | Q85: 5 | R85: 4.1 | S85: 4.1 | T85: 3.8 | U85: 5.2 | V85: 5.1 | W85: 4.8 | X85: 5.3331591 | Y85: 7.166398 | Z85: 11.322016
A86: Республика Хакасия | B86: 2.7181148 | C86: 1.2155797 | D86: 1.7921081 | E86: 1.6767715 | F86: 1.8992244 | G86: 2.5 | H86: 2.6836588 | I86: 2.9215547 | J86: 3.8714047 | K86: 3.5825191 | L86: 3.3 | M86: 3.6 | N86: 4 | O86: 5.2 | P86: 6 | Q86: 8 | R86: 6 | S86: 6.9 | T86: 4.1 | U86: 5.4 | V86: 7.1 | W86: 6 | X86: 7.4020289 | Y86: 8.3011466 | Z86: 8.6112977
A87: Алтайский край | B87: 1.7998035 | C87: 1.7946866 | D87: 1.5429972 | E87: 1.7964736 | F87: 1.4774771 | G87: 1.8 | H87: 2.1967096 | I87: 2.8957807 | J87: 3.0717257 | K87: 3.5628668 | L87: 3.8 | M87: 3.7 | N87: 3.5 | O87: 4 | P87: 4.8 | Q87: 6 | R87: 5.1 | S87: 4.4 | T87: 5.7 | U87: 5 | V87: 5.5 | W87: 7 | X87: 5.587648 | Y87: 5.3505934 | Z87: 4.9595515
A88: Красноярский край | B88: 2.0893243 | C88: 1.6822117 | D88: 2.2282792 | E88: 2.5131596 | F88: 2.9582594 | G88: 3.9 | H88: 4.5902351 | I88: 5.8175734 | J88: 5.7143321 | K88: 4.2280887 | L88: 5.1 | M88: 5.3 | N88: 5.7 | O88: 5.9 | P88: 6 | Q88: 7.2 | R88: 8.5 | S88: 6.2 | T88: 6.3 | U88: 8.6 | V88: 7.1 | W88: 6.6 | X88: 6.9339579 | Y88: 7.8012428 | Z88: 7.8100205
A89: Иркутская область | B89: 1.0263518 | C89: 0.83863062 | D89: 1.1256615 | E89: 1.0070175 | F89: 1.1283636 | G89: 1.4 | H89: 1.6614491 | I89: 2.9491394 | J89: 3.0266954 | K89: 3.2998696 | L89: 4.1 | M89: 4.7 | N89: 5.5 | O89: 5.8 | P89: 5.5 | Q89: 6.7 | R89: 6.1 | S89: 7.1 | T89: 5.6 | U89: 5.6 | V89: 6.3 | W89: 5.8 | X89: 6.2129149 | Y89: 7.5253011 | Z89: 7.404529
A90: Кемеровская область | B90: 1.5005588 | C90: 1.8849829 | D90: 2.1138491 | E90: 2.4571058 | F90: 2.7083083 | G90: 3.2 | H90: 4.170288 | I90: 5.1445952 | J90: 5.445428 | K90: 5.456162 | L90: 5.3 | M90: 5.4 | N90: 5.5 | O90: 5.8 | P90: 6.2 | Q90: 5.8 | R90: 6.2 | S90: 5.3 | T90: 3.3 | U90: 4 | V90: 4 | W90: 4.2 | X90: 3.8966492 | Y90: 4.3225835 | Z90: 4.604225
... A105: Чукотский автономный округ | B105: 0.13422819 | C105: 3.0496454 | D105: 3.7822878 | E105: 6.2624917 | F105: 7.6338821 | G105: 6.8 | H105: 2.829902 | I105: 2.7804574 | J105: 0.53351625 | K105: 1.7615858 | L105: 0.2 | M105: 0.9 | N105: 0.5 | O105: 0.2 | P105: 0.6 | Q105: 0.9 | R105: 1.1 | S105: 1.5 | T105: 0.7 | U105: 0.4 | V105: 0.6 | W105: 1.1 | X105: 1.2115389 | Y105: 2.7120058 | Z105: 2.2962592

Sheet 14.5.
A2: Социально-экономические показатели по субъектам Российской Федерации
A3: 14. СТРОИТЕЛЬСТВО
A4: ЖИЛИЩНОЕ И СОЦИАЛЬНО-КУЛЬТУРНОЕ СТРОИТЕЛЬСТВО
A5: 14.5. ВВОД В ДЕЙСТВИЕ ЖИЛЫХ ДОМОВ, ПОСТРОЕННЫХ ЖИЛИЩНО-СТРОИТЕЛЬНЫМИ КООПЕРАТИВАМИ
A6: (тысяч квадратных метров общей площади жилых помещений)
B7: 2000 | C7: 2001 | D7: 2002 | E7: 2003 | F7: 2004 | G7: 2005 | H7: 2006 | I7: 2007 | J7: 2008 | K7: 2009 | L7: 2010 | M7: 2011 | N7: 2012 | O7: 2013 | P7: 2014 | Q7: 2015 | R7: 2016 | S7: 2017 | T7: 2018 | U7: 2019 | V7: 2020 | W7: 2021 | X7: 2022 | Y7: 2023 | Z7: 2024
A8: Российская Федерация | B8: 720 | C8: 647.8 | D8: 583.7 | E8: 499.7 | F8: 492.6 | G8: 601.9 | H8: 591.8 | I8: 945.7 | J8: 597.6 | K8: 455.9 | L8: 327.2 | M8: 361.2 | N8: 269.8 | O8: 469.3 | P8: 369 | Q8: 615.1 | R8: 1000 | S8: 783.4 | T8: 384.3 | U8: 999.6 | V8: 843.1 | W8: 707.934 | X8: 492.842 | Y8: 989.035 | Z8: 582.175
A9: Центральный федеральный округ | B9: 152.6 | C9: 79.9 | D9: 111.3 | E9: 88.6 | F9: 101.9 | G9: 124.6 | H9: 61 | I9: 134.9 | J9: 59.9 | K9: 188.1 | L9: 58.9 | M9: 76 | N9: 34 | O9: 62.9 | P9: 31.1 | Q9: 79.8 | R9: 105.5 | S9: 42.9 | T9: 13.1 | U9: 55.9 | V9: 13.8 | W9: 29.573 | X9: 19.328 | Y9: 37.413 | Z9: 6.028
A10: Белгородская область | B10: 10.5 | C10: - | D10: - | E10: - | F10: - | G10: 4.2 | H10: - | I10: - | J10: - | K10: - | L10: - | M10: - | N10: - | O10: - | P10: - | Q10: - | R10: - | S10: - | T10: - | U10: - | V10: - | W10: - | X10: - | Y10: - | Z10: -
A11: Брянская область | B11: 4.8 | C11: 10.3 | D11: 15.7 | E11: - | F11: 2.7 | G11: 10 | H11: 6.3 | I11: 4.3 | J11: - | K11: - | L11: - | M11: 14.2 | N11: 3 | O11: - | P11: - | Q11: - | R11: - | S11: - | T11: - | U11: - | V11: - | W11: - | X11: - | Y11: - | Z11: -
A12: Владимирская область | B12: 3.2 | C12: 9.2 | D12: 8.8 | E12: 4.1 | F12: - | G12: - | H12: 3.8 | I12: - | J12: 6.9 | K12: - | L12: - | M12: - | N12: - | O12: - | P12: - | Q12: - | R12: - | S12: - | T12: 5.8 | U12: - | V12: - | W12: - | X12: - | Y12: - | Z12: -
A13: Воронежская область | B13: 15.5 | C13: 0.2 | D13: 9.2 | E13: 8.6 | F13: - | G13: 24.9 | H13: - | I13: 7.1 | J13: 5.7 | K13: - | L13: - | M13: - | N13: - | O13: 2.3 | P13: - | Q13: 15.8 | R13: 44.6 | S13: 22.5 | T13: - | U13: 2.6 | V13: - | W13: - | X13: 3.879 | Y13: - | Z13: -
A14: Ивановская область | B14: - | C14: 6.2 | D14: 3.6 | E14: - | F14: - | G14: - | H14: - | I14: - | J14: - | K14: - | L14: - | M14: - | N14: - | O14: - | P14: - | Q14: - | R14: - | S14: 2.1 | T14: - | U14: 9.6 | V14: - | W14: - | X14: - | Y14: - | Z14: -
A15: Калужская область | B15: - | C15: - | D15: - | E15: 8.5 | F15: 14.5 | G15: 13.6 | H15: - | I15: 9.6 | J15: - | K15: - | L15: - | M15: - | N15: - | O15: - | P15: - | Q15: - | R15: - | S15: - | T15: - | U15: - | V15: - | W15: - | X15: - | Y15: - | Z15: -
A16: Костромская область | B16: - | C16: - | D16: - | E16: - | F16: 1.4 | G16: 0.5 | H16: - | I16: - | J16: - | K16: - | L16: - | M16: - | N16: - | O16: - | P16: - | Q16: - | R16: 1.5 | S16: 4.6 | T16: - | U16: - | V16: 4.2 | W16: - | X16: - | Y16: - | Z16: -
A17: Курская область | B17: - | C17: - | D17: - | E17: - | F17: - | G17: - | H17: - | I17: - | J17: - | K17: - | L17: - | M17: - | N17: - | O17: - | P17: - | Q17: - | R17: - | S17: - | T17: - | U17: - | V17: - | W17: - | X17: - | Y17: - | Z17: -
A18: Липецкая область | B18: - | C18: 5 | D18: 3.7 | E18: - | F18: 4.3 | G18: - | H18: - | I18: - | J18: - | K18: - | L18: - | M18: - | N18: - | O18: - | P18: - | Q18: - | R18: - | S18: 4.3 | T18: - | U18: - | V18: - | W18: - | X18: - | Y18: - | Z18: -
A19: Московская область | B19: 21.3 | C19: 46.4 | D19: 34.3 | E19: 20.4 | F19: 43.8 | G19: 43.8 | H19: 20.9 | I19: 11.1 | J19: 17.2 | K19: 31 | L19: 29.6 | M19: 45.4 | N19: 16.9 | O19: 53.1 | P19: 13.7 | Q19: 4.1 | R19: 16.4 | S19: 7.4 | T19: - | U19: 24.4 | V19: - | W19: 5.903 | X19: 6.194 | Y19: 8.292 | Z19: -
A20: Орловская область | B20: - | C20: - | D20: - | E20: - | F20: - | G20: - | H20: - | I20: - | J20: - | K20: - | L20: - | M20: - | N20: - | O20: - | P20: - | Q20: - | R20: 3.8 | S20: - | T20: - | U20: - | V20: - | W20: - | X20: - | Y20: - | Z20: -
A21: Рязанская область | B21: 26.7 | C21: - | D21: - | E21: - | F21: 4.8 | G21: - | H21: 6 | I21: - | J21: 4.5 | K21: - | L21: - | M21: - | N21: - | O21: - | P21: - | Q21: - | R21: 5.7 | S21: - | T21: - | U21: - | V21: - | W21: - | X21: - | Y21: - | Z21: -
A22: Смоленская область | B22: - | C22: - | D22: - | E22: - | F22: - | G22: - | H22: - | I22: - | J22: - | K22: - | L22: - | M22: - | N22: - | O22: - | P22: - | Q22: - | R22: - | S22: - | T22: - | U22: - | V22: - | W22: - | X22: - | Y22: - | Z22: -
A23: Тамбовская область | B23: 14.9 | C23: - | D23: 14.6 | E23: 4.2 | F23: 7.5 | G23: 10.9 | H23: - | I23: - | J23: - | K23: - | L23: - | M23: 3.1 | N23: - | O23: - | P23: - | Q23: 5.3 | R23: 2.1 | S23: 2.1 | T23: 1.7 | U23: 2.4 | V23: 1.4 | W23: 1.717 | X23: 2.6 | Y23: 1.77 | Z23: -
A24: Тверская область | B24: - | C24: - | D24: - | E24: - | F24: - | G24: - | H24: - | I24: - | J24: - | K24: - | L24: - | M24: - | N24: - | O24: - | P24: - | Q24: - | R24: 2.4 | S24: - | T24: - | U24: - | V24: - | W24: - | X24: - | Y24: - | Z24: -
A25: Тульская область | B25: 3.7 | C25: - | D25: - | E25: - | F25: - | G25: - | H25: - | I25: - | J25: - | K25: - | L25: - | M25: - | N25: - | O25: - | P25: - | Q25: - | R25: - | S25: - | T25: - | U25: - | V25: - | W25: - | X25: - | Y25: - | Z25: -
A26: Ярославская область | B26: 2 | C26: 2.5 | D26: 8.7 | E26: - | F26: 15.3 | G26: 9.7 | H26: 17.5 | I26: 29.9 | J26: 25.6 | K26: 19.5 | L26: 17.7 | M26: 13.4 | N26: 14.1 | O26: 7.5 | P26: - | Q26: 54.1 | R26: 7.2 | S26: - | T26: - | U26: 13 | V26: 8.2 | W26: 21.953 | X26: 6.655 | Y26: 14.613 | Z26: 6.028
A27: г. Москва | B27: 50 | C27: - | D27: 12.7 | E27: 42.9 | F27: 7.6 | G27: 7 | H27: 6.6 | I27: 73 | J27: - | K27: 137.6 | L27: 11.5 | M27: - | N27: - | O27: - | P27: 17.5 | Q27: 0.5 | R27: 21.9 | S27: - | T27: 5.6 | U27: 3.9 | V27: - | W27: - | X27: - | Y27: 12.738 | Z27: -
A28: Северо-Западный федеральный округ | B28: 41.6 | C28: 56.7 | D28: 69.2 | E28: 75.2 | F28: 56.4 | G28: 10.1 | H28: 41.6 | I28: 10 | J28: 36.4 | K28: 8 | L28: 8.7 | M28: 2.6 | N28: 29.8 | O28: 3.8 | P28: 7.5 | Q28: 11.1 | R28: 83.9 | S28: 15.3 | T28: 24.5 | U28: 8.4 | V28: 32.4 | W28: 13.34 | X28: 41.116 | Y28: 1.634 | Z28: -
A29: Республика Карелия | B29: - | C29: 3.1 | D29: 3.3 | E29: 1.1 | F29: 4.3 | G29: - | H29: 4.5 | I29: 1.4 | J29: 6.4 | K29: 2.2 | L29: 8 | M29: 0.6 | N29: 8.9 | O29: 3.8 | P29: 3.3 | Q29: 2.7 | R29: - | S29: 2.2 | T29: - | U29: 1.9 | V29: - | W29: - | X29: - | Y29: - | Z29: -
A30: Республика Коми | B30: - | C30: - | D30: - | E30: - | F30: - | G30: - | H30: - | I30: - | J30: - | K30: - | L30: - | M30: - | N30: - | O30: - | P30: - | Q30: - | R30: - | S30: - | T30: - | U30: 0.8 | V30: - | W30: - | X30: - | Y30: - | Z30: -
A31: Архангельская область | B31: 3.4 | C31: 0.5 | D31: 4.3 | E31: 3.7 | F31: 8.9 | G31: 7.4 | H31: 32.6 | I31: 8.6 | J31: 27.4 | K31: 5.8 | L31: - | M31: 1.2 | N31: 18.2 | O31: - | P31: 4.2 | Q31: - | R31: 1.9 | S31: - | T31: - | U31: - | V31: 3.5 | W31: 1.282 | X31: - | Y31: - | Z31: -
A32: в том числе: | X32: - | Y32: -
A33: Ненецкий автономный округ | B33: - | C33: - | D33: - | E33: - | F33: - | G33: - | H33: - | I33: - | J33: - | K33: - | L33: - | M33: - | N33: - | O33: - | P33: - | Q33: - | R33: - | S33: - | T33: - | U33: - | V33: - | W33: - | X33: - | Y33: - | Z33: -
A34: Архангельская область без автономного округа | B34: 3.4 | C34: 0.5 | D34: 4.3 | E34: 3.7 | F34: 8.9 | G34: 7.4 | H34: 32.6 | I34: 8.6 | J34: 27.4 | K34: 5.8 | L34: - | M34: 1.2 | N34: 18.2 | O34: - | P34: 4.2 | Q34: - | R34: 1.9 | S34: - | T34: - | U34: - | V34: - | W34: 1.282 | X34: - | Y34: - | Z34: -
A35: Вологодская область | B35: 14 | C35: 23.3 | D35: 4.1 | E35: 14.2 | F35: 17.1 | G35: 0.7 | H35: - | I35: - | J35: 2.6 | K35: - | L35: 0.7 | M35: 0.8 | N35: 2.7 | O35: - | P35: - | Q35: - | R35: 0.3 | S35: - | T35: - | U35: - | V35: - | W35: - | X35: - | Y35: - | Z35: -
A36: Калининградская область | B36: - | C36: - | D36: - | E36: - | F36: - | G36: - | H36: - | I36: - | J36: - | K36: - | L36: - | M36: - | N36: - | O36: - | P36: - | Q36: - | R36: 12.7 | S36: 12.3 | T36: - | U36: - | V36: - | W36: - | X36: 41.116 | Y36: - | Z36: -
A37: Ленинградская область | B37: - | C37: 2.2 | D37: 14.1 | E37: - | F37: 3.5 | G37: 2 | H37: 1.2 | I37: - | J37: - | K37: - | L37: - | M37: - | N37: - | O37: - | P37: - | Q37: - | R37: 7.5 | S37: - | T37: 24.5 | U37: 3.4 | V37: 27.5 | W37: 8.378 | X37: - | Y37: 1.634 | Z37: -
A38: Мурманская область | B38: - | C38: - | D38: - | E38: - | F38: - | G38: - | H38: - | I38: - | J38: - | K38: - | L38: - | M38: - | N38: - | O38: - | P38: - | Q38: - | R38: - | S38: - | T38: - | U38: - | V38: - | W38: - | X38: - | Y38: - | Z38: -
A39: Новгородская область | B39: - | C39: - | D39: - | E39: - | F39: - | G39: - | H39: - | I39: - | J39: - | K39: - | L39: - | M39: - | N39: - | O39: - | P39: - | Q39: - | R39: - | S39: - | T39: - | U39: 2.3 | V39: - | W39: - | X39: - | Y39: - | Z39: -
A40: Псковская область | B40: 3.6 | C40: - | D40: 8.3 | E40: 0.6 | F40: - | G40: - | H40: 3.2 | I40: - | J40: - | K40: - | L40: - | M40: - | N40: - | O40: - | P40: - | Q40: 8.4 | R40: 1.8 | S40: 0.9 | T40: - | U40: - | V40: 27.4 | W40: 3.68 | X40: - | Y40: - | Z40: -
A41: г. Санкт-Петербург | B41: 20.6 | C41: 27.7 | D41: 35.1 | E41: 55.7 | F41: 22.6 | G41: - | H41: - | I41: - | J41: - | K41: - | L41: - | M41: - | N41: - | O41: - | P41: - | Q41: - | R41: 59.7 | S41: - | T41: - | U41: - | V41: - | W41: - | X41: - | Y41: - | Z41: -
A42: Южный федеральный округ | B42: 37.8 | C42: 36.3 | D42: 8.3 | E42: 24.7 | F42: 25.7 | G42: 27 | H42: 36.2 | I42: 26.9 | J42: 49.1 | K42: 19.3 | L42: 39.6 | M42: 75.2 | N42: 46.6 | O42: 55.3 | P42: 68.9 | Q42: 116.7 | R42: 221.7 | S42: 63.3 | T42: 189.4 | U42: 94.3 | V42: 96.4 | W42: 94.616 | X42: 41.797 | Y42: 48.757 | Z42: 47.382
A43: Республика Адыгея | B43: - | C43: - | D43: - | E43: - | F43: - | G43: - | H43: - | I43: - | J43: - | K43: 0.8 | L43: - | M43: - | N43: - | O43: - | P43: - | Q43: - | R43: - | S43: - | T43: 13.3 | U43: 10.8 | V43: 10.9 | W43: - | X43: - | Y43: - | Z43: -
A44: Республика Калмыкия | B44: - | C44: - | D44: - | E44: - | F44: - | G44: - | H44: - | I44: - | J44: - | K44: - | L44: - | M44: - | N44: - | O44: - | P44: - | Q44: - | R44: - | S44: 3.5 | T44: - | U44: 1.2 | V44: 9.1 | W44: - | X44: - | Y44: - | Z44: -
A45: Республика Крым | B45: - | C45: - | D45: - | E45: - | F45: - | G45: - | H45: - | I45: - | J45: - | K45: - | L45: - | M45: - | N45: - | O45: - | P45: - | Q45: - | R45: 14.3 | S45: 1.2 | T45: 27 | U45: 22.6 | V45: 26.8 | W45: 4.659 | X45: - | Y45: 9.91 | Z45: 2.836
A46: Краснодарский край | B46: 12.3 | C46: 0.4 | D46: 3.8 | E46: 22.8 | F46: 7.7 | G46: 23.3 | H46: 30.8 | I46: 13.3 | J46: 8.1 | K46: 14.9 | L46: 35.8 | M46: 38.2 | N46: 29.3 | O46: 34.9 | P46: 55.6 | Q46: 84.4 | R46: 106 | S46: 37.7 | T46: 45.7 | U46: 25.6 | V46: 9.7 | W46: 34.454 | X46: 6.835 | Y46: 21.689 | Z46: 21.407
A47: Астраханская область | B47: - | C47: - | D47: - | E47: - | F47: - | G47: - | H47: - | I47: - | J47: - | K47: - | L47: - | M47: - | N47: - | O47: - | P47: - | Q47: - | R47: - | S47: - | T47: - | U47: - | V47: - | W47: 9.791 | X47: - | Y47: 4.525 | Z47: -
A48: Волгоградская область | B48: - | C48: - | D48: - | E48: - | F48: - | G48: - | H48: - | I48: - | J48: - | K48: - | L48: - | M48: - | N48: - | O48: - | P48: - | Q48: - | R48: - | S48: - | T48: - | U48: - | V48: - | W48: 6.419 | X48: - | Y48: 3.082 | Z48: -
A49: Ростовская область | B49: 25.5 | C49: 35.9 | D49: 4.5 | E49: 1.9 | F49: 18 | G49: 3.7 | H49: 5.4 | I49: 13.6 | J49: 41 | K49: 3.6 | L49: 3.8 | M49: 36.9 | N49: 17.3 | O49: 20.4 | P49: 13.3 | Q49: 32.3 | R49: 49.1 | S49: 20.8 | T49: 49.5 | U49: 21.2 | V49: 27.1 | W49: 37.071 | X49: 30.048 | Y49: 1.249 | Z49: 17.39
A50: г. Севастополь | B50: - | C50: - | D50: - | E50: - | F50: - | G50: - | H50: - | I50: - | J50: - | K50: - | L50: - | M50: - | N50: - | O50: - | P50: - | Q50: - | R50: 52.3 | S50: - | T50: 53.9 | U50: 12.8 | V50: 12.9 | W50: 2.222 | X50: 4.914 | Y50: 8.302 | Z50: 5.749
